,id,name,position,dateOfBirth,age,nationality,height,foot,joinedOn,signedFrom,contract,marketValue,status
0,388516,Josep Martínez,Goalkeeper,1998-05-27,26,['Spain'],191.0,right,2024-07-09,Genoa CFC,2029-06-30,12000000.0,
1,42205,Yann Sommer,Goalkeeper,1988-12-17,36,['Switzerland'],183.0,right,2023-08-07,: Ablöse €6.90m,2026-06-30,4000000.0,"Broken thumb - Return expected on Mar 15, 2025"
2,70580,Raffaele Di Gennaro,Goalkeeper,1993-10-03,31,['Italy'],188.0,right,2023-07-13,AS Gubbio 1910,2025-06-30,300000.0,"Finger injury - Return expected on Feb 24, 2025"
3,315853,Alessandro Bastoni,Centre-Back,1999-04-13,25,['Italy'],190.0,left,2017-08-30,Atalanta BC,2028-06-30,75000000.0,
4,353366,Benjamin Pavard,Centre-Back,1996-03-28,28,['France'],186.0,right,2023-08-30,: Ablöse €31.40m,2028-06-30,40000000.0,
5,441986,Yann Bisseck,Centre-Back,2000-11-29,24,"['Germany', 'Cameroon']",196.0,right,2023-07-12,Aarhus GF,2029-06-30,30000000.0,
6,111196,Stefan de Vrij,Centre-Back,1992-02-05,33,['Netherlands'],189.0,right,2018-07-01,: Ablöse free transfer,2025-06-30,7000000.0,
7,131075,Francesco Acerbi,Centre-Back,1988-02-10,37,['Italy'],192.0,left,2023-07-01,SS Lazio,2026-06-30,3000000.0,
8,198116,Federico Dimarco,Left-Back,1997-11-10,27,['Italy'],175.0,left,2018-07-05,: Ablöse €5.00m,2027-06-30,60000000.0,
9,585982,Carlos Augusto,Left-Back,1999-01-07,26,"['Brazil', 'Italy']",184.0,left,2024-07-01,AC Monza,2028-06-30,22000000.0,Knock - Return unknown
10,321528,Denzel Dumfries,Right-Back,1996-04-18,28,"['Netherlands', 'Aruba']",188.0,right,2021-08-14,PSV Eindhoven,2028-06-30,20000000.0,
11,54906,Matteo Darmian,Right-Back,1989-12-02,35,['Italy'],183.0,right,2021-07-01,Parma Calcio 1913,2026-06-30,4000000.0,
12,126414,Hakan Çalhanoğlu,Defensive Midfield,1994-02-08,31,"['Türkiye', 'Germany']",178.0,right,2021-07-01,AC Milan,2027-06-30,40000000.0,
13,543771,Kristjan Asllani,Defensive Midfield,2002-03-09,22,"['Albania', 'Italy']",175.0,right,2023-07-01,FC Empoli,2028-06-30,18000000.0,
14,255942,Nicolò Barella,Central Midfield,1997-02-07,28,['Italy'],175.0,right,2020-09-01,Cagliari Calcio,2029-06-30,80000000.0,
15,394300,Davide Frattesi,Central Midfield,1999-09-22,25,['Italy'],178.0,right,2024-07-01,US Sassuolo,2028-06-30,32000000.0,
16,181136,Piotr Zieliński,Central Midfield,1994-05-20,30,"['Poland', 'Italy']",180.0,both,2024-07-01,SSC Napoli,2028-06-30,18000000.0,
17,55735,Henrikh Mkhitaryan,Central Midfield,1989-01-21,36,['Armenia'],177.0,both,2022-07-01,AS Roma,2026-06-30,5000000.0,
18,550108,Nicola Zalewski,Left Midfield,2002-01-23,23,['Poland'],175.0,right,2025-02-01,AS Roma,2025-06-30,10000000.0,
19,787618,Valentín Carboni,Attacking Midfield,2005-03-05,19,"['Argentina', 'Italy']",185.0,left,2022-07-01,Inter Milan Primavera,2029-06-30,12000000.0,"Cruciate ligament tear - Return expected on Jun 30, 2025"
20,227081,Joaquín Correa,Second Striker,1994-08-13,30,"['Argentina', 'Italy']",188.0,right,2022-07-01,SS Lazio,2025-06-30,3000000.0,
21,406625,Lautaro Martínez,Centre-Forward,1997-08-22,27,['Argentina'],174.0,right,2018-07-04,Racing Club,2029-06-30,100000000.0,Team captain
22,318528,Marcus Thuram,Centre-Forward,1997-08-06,27,"['France', 'Guadeloupe']",192.0,right,2023-07-01,Borussia Mönchengladbach,2028-06-30,75000000.0,Ankle problems - Return unknown
23,307058,Mehdi Taremi,Centre-Forward,1992-07-18,32,['Iran'],185.0,right,2024-07-13,FC Porto,2027-06-30,8000000.0,
24,41384,Marko Arnautovic,Centre-Forward,1989-04-19,35,"['Austria', 'Serbia']",190.0,both,2024-07-01,Bologna FC 1909,2025-06-30,3500000.0,
25,301238,Michele Di Gregorio,Goalkeeper,1997-07-27,27,['Italy'],187.0,right,2024-07-05,AC Monza,2025-06-30,18000000.0,
26,110923,Mattia Perin,Goalkeeper,1992-11-10,32,['Italy'],188.0,right,2018-07-01,: Ablöse €16.30m,2027-06-30,3000000.0,
27,75411,Carlo Pinsoglio,Goalkeeper,1990-03-16,34,['Italy'],194.0,left,2014-07-01,: Ablöse €800k,2026-06-30,200000.0,
28,516716,Bremer,Centre-Back,1997-03-18,27,['Brazil'],188.0,right,2022-07-20,Torino FC,2029-06-30,60000000.0,"Cruciate ligament tear - Return expected on Apr 25, 2025"
29,585949,Pierre Kalulu,Centre-Back,2000-06-05,24,"['France', 'DR Congo']",182.0,right,2024-08-21,AC Milan,2025-06-30,26000000.0,"Muscle injury - Return expected on Feb 28, 2025"
30,509022,Federico Gatti,Centre-Back,1998-06-24,26,['Italy'],190.0,right,2022-01-31,Frosinone Calcio,2028-06-30,25000000.0,
31,480116,Lloyd Kelly,Centre-Back,1998-10-06,26,"['England', 'Jamaica']",189.0,left,2025-02-03,Newcastle United,2025-06-30,18000000.0,
32,805714,Renato Veiga,Centre-Back,2003-07-29,21,['Portugal'],190.0,left,2025-01-27,Chelsea FC,2025-06-30,10000000.0,"Muscle injury - Return expected on Mar 11, 2025"
33,459658,Andrea Cambiaso,Left-Back,2000-02-20,25,['Italy'],182.0,both,2022-07-14,Genoa CFC,2029-06-30,40000000.0,
34,686965,Juan Cabal,Left-Back,2001-01-08,24,['Colombia'],186.0,left,2024-07-18,Hellas Verona,2029-06-30,9000000.0,"Cruciate ligament surgery - Return expected on May 28, 2025"
35,741090,Jonas Rouhi,Left-Back,2004-01-07,21,"['Sweden', 'Morocco']",183.0,left,2024-08-09,Juventus Next Gen,2028-06-30,2000000.0,
36,708072,Nicolò Savona,Right-Back,2003-03-19,21,['Italy'],192.0,right,2024-08-08,Juventus Next Gen,2029-06-30,14000000.0,
37,877139,Alberto Costa,Right-Back,2003-09-29,21,['Portugal'],186.0,right,2025-01-15,Vitória Guimarães SC,2029-06-30,1000000.0,
38,265088,Manuel Locatelli,Defensive Midfield,1998-01-08,27,['Italy'],185.0,right,2023-07-01,US Sassuolo,2028-06-30,28000000.0,
39,447661,Douglas Luiz,Central Midfield,1998-05-09,26,['Brazil'],177.0,right,2024-07-01,Aston Villa,2029-06-30,45000000.0,Muscle fatigue - Return unknown
40,463618,Khéphren Thuram,Central Midfield,2001-03-26,23,"['France', 'Guadeloupe']",192.0,right,2024-07-10,OGC Nice,2029-06-30,35000000.0,
41,332697,Weston McKennie,Central Midfield,1998-08-28,26,['United States'],185.0,right,2021-07-01,FC Schalke 04,2026-06-30,24000000.0,
42,360518,Teun Koopmeiners,Attacking Midfield,1998-02-28,26,['Netherlands'],184.0,left,2024-08-28,Atalanta BC,2029-06-30,50000000.0,
43,944570,Vasilije Adžić,Attacking Midfield,2006-05-12,18,['Montenegro'],185.0,right,2024-07-01,Buducnost Podgorica,2029-06-30,2000000.0,
44,845654,Kenan Yıldız,Left Winger,2005-05-04,19,"['Türkiye', 'Germany']",187.0,both,2023-11-07,Juventus Next Gen,2029-06-30,45000000.0,
45,654991,Samuel Mbangula,Left Winger,2004-01-16,21,"['Belgium', 'DR Congo']",179.0,right,2024-08-29,Juventus Next Gen,2028-06-30,8000000.0,
46,487474,Francisco Conceição,Right Winger,2002-12-14,22,['Portugal'],170.0,left,2024-08-27,FC Porto,2025-06-30,36000000.0,
47,486031,Nico González,Right Winger,1998-04-06,26,"['Argentina', 'Italy']",180.0,left,2024-08-25,ACF Fiorentina,2025-06-30,35000000.0,
48,370846,Timothy Weah,Right Winger,2000-02-22,25,"['United States', 'France']",183.0,right,2023-07-01,LOSC Lille,2028-06-30,17000000.0,
49,357498,Dušan Vlahović,Centre-Forward,2000-01-28,25,['Serbia'],190.0,left,2022-01-28,: Ablöse €83.50m,2026-06-30,60000000.0,
50,487969,Randal Kolo Muani,Centre-Forward,1998-12-05,26,"['France', 'DR Congo']",187.0,right,2025-01-23,Paris Saint-Germain,2025-06-30,30000000.0,
51,191891,Arkadiusz Milik,Centre-Forward,1994-02-28,30,['Poland'],186.0,left,2023-07-01,Olympique Marseille,2026-06-30,4000000.0,"Calf injury - Return expected on Mar 3, 2025"
52,182906,Mike Maignan,Goalkeeper,1995-07-03,29,"['France', 'French Guiana']",191.0,right,2021-07-01,LOSC Lille,2026-06-30,35000000.0,Team captain
53,199976,Marco Sportiello,Goalkeeper,1992-05-10,32,['Italy'],192.0,right,2023-07-01,Atalanta BC,2027-06-30,1500000.0,
54,939745,Lorenzo Torriani,Goalkeeper,2005-01-31,20,['Italy'],197.0,right,2024-07-01,AC Milan Primavera,2027-06-30,500000.0,"In training camp with first team - until Apr 28, 2025 - Serie C - Girone B - 14 matchdays"
55,303254,Fikayo Tomori,Centre-Back,1997-12-19,27,"['England', 'Canada']",185.0,right,2021-07-01,Chelsea FC,2027-06-30,22000000.0,
56,521964,Malick Thiaw,Centre-Back,2001-08-08,23,"['Germany', 'Finland']",194.0,right,2022-08-29,FC Schalke 04,2027-06-30,20000000.0,
57,323167,Matteo Gabbia,Centre-Back,1999-10-21,25,['Italy'],185.0,right,2017-07-01,Milan Primavera,2029-06-30,20000000.0,
58,574671,Strahinja Pavlović,Centre-Back,2001-05-24,23,['Serbia'],194.0,left,2024-07-31,Red Bull Salzburg,2028-06-30,17000000.0,
59,339808,Theo Hernández,Left-Back,1997-10-06,27,"['France', 'Spain']",184.0,left,2019-07-06,Real Madrid,2026-06-30,50000000.0,
60,476344,Emerson Royal,Right-Back,1999-01-14,26,['Brazil'],183.0,right,2024-08-12,Tottenham Hotspur,2028-06-30,14000000.0,"Calf injury - Return expected on Mar 24, 2025"
61,95424,Kyle Walker,Right-Back,1990-05-28,34,['England'],183.0,right,2025-01-24,Manchester City,2025-06-30,10000000.0,Hamstring injury - Return unknown
62,741257,Álex Jiménez,Right-Back,2005-05-08,19,['Spain'],177.0,right,2024-07-01,Real Madrid U19,2028-06-30,5000000.0,
63,631007,Filippo Terracciano,Right-Back,2003-02-08,22,['Italy'],186.0,right,2024-01-08,Hellas Verona,2028-06-30,4500000.0,
64,130365,Alessandro Florenzi,Right-Back,1991-03-11,33,['Italy'],173.0,right,2022-07-01,AS Roma,2025-06-30,1500000.0,"Cruciate ligament tear - Return expected on Apr 30, 2025"
65,569598,Youssouf Fofana,Defensive Midfield,1999-01-10,26,"['France', 'Mali']",185.0,right,2024-08-17,AS Monaco,2028-06-30,30000000.0,
66,460939,Tijjani Reijnders,Central Midfield,1998-07-29,26,['Netherlands'],185.0,right,2023-07-19,AZ Alkmaar,2028-06-30,50000000.0,
67,503991,Yunus Musah,Central Midfield,2002-11-29,22,"['United States', 'England']",178.0,right,2023-08-04,Valencia CF,2028-06-30,22000000.0,
68,202886,Ruben Loftus-Cheek,Central Midfield,1996-01-23,29,"['England', 'Guyana']",191.0,right,2023-07-01,Chelsea FC,2027-06-30,20000000.0,muscular problems - Return unknown
69,659516,Warren Bondo,Central Midfield,2003-09-15,21,"['France', 'DR Congo']",177.0,right,2025-02-03,AC Monza,2029-06-30,7000000.0,
70,357164,Rafael Leão,Left Winger,1999-06-10,25,"['Portugal', 'Angola']",188.0,right,2019-08-01,LOSC Lille,2028-06-30,75000000.0,
71,386455,Riccardo Sottil,Left Winger,1999-06-03,25,['Italy'],180.0,right,2025-02-03,ACF Fiorentina,2025-06-30,6000000.0,
72,315779,Christian Pulisic,Right Winger,1998-09-18,26,"['United States', 'Croatia']",177.0,right,2023-07-13,Chelsea FC,2027-06-30,50000000.0,
73,401922,Samuel Chukwueze,Right Winger,1999-05-22,25,['Nigeria'],172.0,left,2023-07-27,Villarreal CF,2028-06-30,18000000.0,
74,462250,João Félix,Second Striker,1999-11-10,25,['Portugal'],181.0,right,2025-02-03,Chelsea FC,2025-06-30,30000000.0,
75,552955,Santiago Gimenez,Centre-Forward,2001-04-18,23,"['Mexico', 'Italy']",183.0,left,2025-02-03,Feyenoord Rotterdam,2029-06-30,37000000.0,
76,331726,Tammy Abraham,Centre-Forward,1997-10-02,27,"['England', 'Nigeria']",194.0,right,2024-08-30,AS Roma,2025-06-30,20000000.0,
77,257462,Luka Jović,Centre-Forward,1997-12-23,27,"['Serbia', 'Bosnia-Herzegovina']",182.0,right,2023-09-01,ACF Fiorentina,2025-06-30,4000000.0,
78,459763,Marco Carnesecchi,Goalkeeper,2000-07-01,24,['Italy'],191.0,right,2019-07-01,Atalanta Primavera,2026-06-30,20000000.0,
79,45026,Rui Patrício,Goalkeeper,1988-02-15,37,['Portugal'],190.0,left,2024-08-27,AS Roma,2025-06-30,1000000.0,
80,126634,Francesco Rossi,Goalkeeper,1991-04-27,33,['Italy'],193.0,right,2009-08-01,Atalanta Primavera,2025-06-30,100000.0,
81,571604,Giorgio Scalvini,Centre-Back,2003-12-11,21,['Italy'],194.0,right,2021-07-09,Atalanta Primavera,2028-06-30,45000000.0,"Shoulder injury - Return expected on May 15, 2025"
82,644771,Odilon Kossounou,Centre-Back,2001-01-04,24,"[""Cote d'Ivoire""]",191.0,right,2024-08-28,Bayer 04 Leverkusen,2025-06-30,30000000.0,"Adductor injury - Return expected on Apr 1, 2025"
83,503075,Isak Hien,Centre-Back,1999-01-13,26,"['Sweden', 'Burkina Faso']",191.0,right,2024-01-02,Hellas Verona,2028-06-30,30000000.0,"Adductor injury - Return expected on Mar 4, 2025"
84,94005,Sead Kolasinac,Centre-Back,1993-06-20,31,"['Bosnia-Herzegovina', 'Germany']",183.0,left,2023-07-06,Olympique Marseille,2025-06-30,10000000.0,
85,165513,Berat Djimsiti,Centre-Back,1993-02-19,32,"['Albania', 'Switzerland']",190.0,right,2016-01-18,: Ablöse free transfer,2026-06-30,8000000.0,
86,72441,Rafael Tolói,Centre-Back,1990-10-10,34,"['Italy', 'Brazil']",185.0,right,2015-08-26,São Paulo Futebol Clube,2025-06-30,1500000.0,Team captain
87,223974,Stefan Posch,Right-Back,1997-05-14,27,['Austria'],190.0,right,2025-02-03,Bologna FC 1909,2025-06-30,10000000.0,
88,133179,Marten de Roon,Defensive Midfield,1991-03-29,33,['Netherlands'],185.0,right,2017-08-10,Middlesbrough FC,2026-06-30,7000000.0,
89,982267,Ibrahim Sulemana,Defensive Midfield,2003-05-22,21,['Ghana'],180.0,right,2024-07-17,Cagliari Calcio,2028-06-30,6000000.0,
90,607854,Éderson,Central Midfield,1999-07-07,25,['Brazil'],183.0,right,2022-07-06,US Salernitana 1919,2027-06-30,50000000.0,
91,528833,Lazar Samardžić,Central Midfield,2002-02-24,22,"['Serbia', 'Germany']",184.0,left,2024-08-18,Udinese Calcio,2025-06-30,20000000.0,
92,205938,Mario Pasalic,Central Midfield,1995-02-09,30,['Croatia'],188.0,right,2020-09-01,Chelsea FC,2025-06-30,13000000.0,
93,459128,Marco Brescianini,Central Midfield,2000-01-20,25,['Italy'],188.0,left,2024-08-16,Frosinone Calcio,2025-06-30,8000000.0,
94,357992,Raoul Bellanova,Right Midfield,2000-05-17,24,['Italy'],188.0,right,2024-08-22,Torino FC,2029-06-30,22000000.0,
95,173859,Davide Zappacosta,Right Midfield,1992-06-11,32,['Italy'],182.0,right,2021-08-24,Chelsea FC,2025-06-30,6000000.0,
96,895937,Marco Palestra,Right Midfield,2005-03-03,19,['Italy'],186.0,right,2024-07-01,Atalanta U23,,3000000.0,
97,91970,Juan Cuadrado,Right Midfield,1988-05-26,36,"['Colombia', 'Italy']",176.0,right,2024-08-26,Inter Milan,2025-06-30,1000000.0,
98,616631,Matteo Ruggeri,Left Midfield,2002-07-11,22,['Italy'],187.0,left,2020-09-01,Atalanta Primavera,2028-06-30,20000000.0,
99,435772,Charles De Ketelaere,Attacking Midfield,2001-03-10,23,['Belgium'],192.0,left,2024-07-01,AC Milan,2027-06-30,38000000.0,
100,539134,Daniel Maldini,Attacking Midfield,2001-10-11,23,"['Italy', 'Venezuela']",188.0,right,2025-02-01,AC Monza,2029-06-30,6000000.0,muscular problems - Return unknown
101,406040,Ademola Lookman,Second Striker,1997-10-20,27,"['Nigeria', 'England']",174.0,right,2022-08-04,RB Leipzig,2026-06-30,55000000.0,
102,554903,Mateo Retegui,Centre-Forward,1999-04-29,25,"['Italy', 'Argentina']",186.0,right,2024-08-08,Genoa CFC,2028-06-30,35000000.0,
103,315867,Gianluca Scamacca,Centre-Forward,1999-01-01,26,['Italy'],195.0,right,2023-08-07,West Ham United,2027-06-30,30000000.0,"Hamstring injury - Return expected on May 15, 2025"
104,240414,Alex Meret,Goalkeeper,1997-03-22,27,['Italy'],190.0,left,2019-07-01,Udinese Calcio,2025-06-30,12000000.0,
105,238993,Simone Scuffet,Goalkeeper,1996-05-31,28,['Italy'],193.0,right,2025-01-07,Cagliari Calcio,2025-06-30,2000000.0,
106,250683,Nikita Contini,Goalkeeper,1996-05-21,28,"['Italy', 'Ukraine']",190.0,right,2015-07-01,: Ablöse -,2025-06-30,400000.0,
107,724099,Claudio Turi,Goalkeeper,2005-05-06,19,['Italy'],,right,2024-09-25,Napoli Primavera,,150000.0,
108,386446,Alessandro Buongiorno,Centre-Back,1999-06-06,25,['Italy'],190.0,left,2024-07-13,Torino FC,2029-06-30,45000000.0,
109,257732,Amir Rrahmani,Centre-Back,1994-02-24,30,"['Kosovo', 'Albania']",192.0,right,2020-01-20,: Ablöse €14.20m,2027-06-30,12000000.0,
110,662261,Rafa Marín,Centre-Back,2002-05-19,22,['Spain'],191.0,right,2024-07-10,Real Madrid,2029-06-30,9000000.0,
111,121985,Juan Jesus,Centre-Back,1991-06-10,33,"['Brazil', 'Italy']",185.0,left,2021-08-18,AS Roma,2025-06-30,1500000.0,
112,376514,Mathías Olivera,Left-Back,1997-10-31,27,"['Uruguay', 'Spain']",185.0,left,2022-07-01,Getafe CF,2027-06-30,18000000.0,
113,118689,Leonardo Spinazzola,Left-Back,1993-03-25,31,['Italy'],186.0,right,2024-07-10,AS Roma,2026-06-30,2500000.0,
114,169880,Giovanni Di Lorenzo,Right-Back,1993-08-04,31,['Italy'],183.0,right,2019-07-01,: Ablöse €9.80m,2028-06-30,15000000.0,Team captain
115,250153,Pasquale Mazzocchi,Right-Back,1995-07-27,29,['Italy'],183.0,right,2024-01-05,US Salernitana 1919,2027-06-30,3000000.0,"Calf injury - Return expected on Mar 7, 2025"
116,192735,Stanislav Lobotka,Defensive Midfield,1994-11-25,30,['Slovakia'],168.0,right,2020-01-15,Celta de Vigo,2027-06-30,28000000.0,
117,423744,Billy Gilmour,Defensive Midfield,2001-06-11,23,['Scotland'],170.0,right,2024-08-30,Brighton & Hove Albion,2029-06-30,16000000.0,
118,315969,Scott McTominay,Central Midfield,1996-12-08,28,"['Scotland', 'England']",191.0,right,2024-08-30,Manchester United,2028-06-30,40000000.0,
119,354361,Frank Anguissa,Central Midfield,1995-11-16,29,['Cameroon'],184.0,right,2022-07-01,Fulham FC,2025-06-30,27000000.0,
120,320411,Philip Billing,Central Midfield,1996-06-11,28,"['Denmark', 'Nigeria']",193.0,left,2025-01-11,AFC Bournemouth,2025-06-30,14000000.0,
121,724178,Luis Hasa,Central Midfield,2004-01-06,21,"['Italy', 'Albania']",172.0,right,2025-01-08,US Lecce,2029-06-30,1000000.0,
122,346890,Noah Okafor,Left Winger,2000-05-24,24,"['Switzerland', 'Nigeria']",185.0,right,2025-02-03,AC Milan,2025-06-30,15000000.0,
123,469822,David Neres,Right Winger,1997-03-03,27,['Brazil'],176.0,left,2024-08-21,SL Benfica,2028-06-30,28000000.0,"Hamstring injury - Return expected on Mar 20, 2025"
124,358032,Cyril Ngonge,Right Winger,2000-05-26,24,"['Belgium', 'DR Congo']",180.0,left,2024-01-19,Hellas Verona,2028-06-30,12000000.0,
125,165895,Matteo Politano,Right Winger,1993-08-03,31,['Italy'],171.0,left,2021-07-01,Inter Milan,2027-06-30,10000000.0,
126,405885,Giacomo Raspadori,Second Striker,2000-02-18,25,['Italy'],172.0,right,2023-07-01,US Sassuolo,2028-06-30,15000000.0,
127,96341,Romelu Lukaku,Centre-Forward,1993-05-13,31,"['Belgium', 'DR Congo']",191.0,left,2024-08-29,Chelsea FC,2027-06-30,25000000.0,
128,282388,Giovanni Simeone,Centre-Forward,1995-07-05,29,"['Argentina', 'Spain']",180.0,right,2023-07-01,Hellas Verona,2026-06-30,10000000.0,
129,338670,Mile Svilar,Goalkeeper,1999-08-27,25,"['Serbia', 'Belgium']",189.0,right,2022-07-01,SL Benfica,2027-06-30,14000000.0,
130,244192,Pierluigi Gollini,Goalkeeper,1995-03-18,29,['Italy'],194.0,right,2025-01-24,Atalanta BC,2027-06-30,2500000.0,
131,1041614,Renato Marin,Goalkeeper,2006-07-10,18,"['Italy', 'Brazil']",193.0,right,2024-07-01,Roma U20,2025-06-30,500000.0,
132,371149,Evan Ndicka,Centre-Back,1999-08-20,25,"[""Cote d'Ivoire"", 'France']",192.0,left,2023-07-01,Eintracht Frankfurt,2028-06-30,25000000.0,
133,256448,Gianluca Mancini,Centre-Back,1996-04-17,28,['Italy'],190.0,right,2020-09-01,Atalanta BC,2027-06-30,18000000.0,
134,422951,Victor Nelsson,Centre-Back,1998-10-14,26,['Denmark'],185.0,right,2025-02-03,Galatasaray,2025-06-30,14000000.0,
135,39728,Mats Hummels,Centre-Back,1988-12-16,36,['Germany'],191.0,right,2024-09-04,Without Club,2025-06-30,3500000.0,
136,277179,Angeliño,Left-Back,1997-01-04,28,['Spain'],171.0,left,2024-07-01,RB Leipzig,2028-06-30,8000000.0,
137,485584,Anass Salah-Eddine,Left-Back,2002-01-18,23,"['Netherlands', 'Morocco']",181.0,left,2025-02-03,Twente Enschede FC,2028-06-30,5000000.0,
138,557407,Devyne Rensch,Right-Back,2003-01-18,22,"['Netherlands', 'Suriname']",181.0,right,2025-01-23,Ajax Amsterdam,2029-06-30,12000000.0,
139,251075,Zeki Çelik,Right-Back,1997-02-17,28,['Türkiye'],180.0,right,2022-07-05,LOSC Lille,2026-06-30,5000000.0,
140,631927,Saud Abdulhamid,Right-Back,1999-07-18,25,['Saudi Arabia'],175.0,right,2024-08-27,Al-Hilal SFC,2028-06-30,4000000.0,
141,962125,Buba Sangaré,Right-Back,2007-08-06,17,"['Spain', 'Mali']",183.0,right,2024-07-02,Levante UD U19,2027-06-30,1000000.0,
142,199248,Bryan Cristante,Defensive Midfield,1995-03-03,29,"['Italy', 'Canada']",186.0,right,2019-07-01,Atalanta BC,2027-06-30,12000000.0,
143,620313,Lucas Gourna-Douath,Defensive Midfield,2003-08-05,21,"['France', 'Central African Republic']",185.0,right,2025-02-03,Red Bull Salzburg,2025-06-30,8000000.0,
144,166237,Leandro Paredes,Defensive Midfield,1994-06-29,30,['Argentina'],180.0,right,2023-08-16,: Ablöse €2.50m,2025-06-30,5000000.0,
145,624690,Manu Koné,Central Midfield,2001-05-17,23,"['France', ""Cote d'Ivoire""]",185.0,right,2024-08-30,Borussia Mönchengladbach,2025-06-30,26000000.0,
146,813137,Niccolò Pisilli,Central Midfield,2004-09-23,20,['Italy'],180.0,right,2024-07-01,Roma U20,2026-06-30,12000000.0,
147,286297,Lorenzo Pellegrini,Attacking Midfield,1996-06-19,28,['Italy'],186.0,right,2017-07-01,: Ablöse €10.00m,2026-06-30,14000000.0,Team captain
148,641537,Tommaso Baldanzi,Attacking Midfield,2003-03-23,21,['Italy'],170.0,left,2024-02-01,FC Empoli,2028-06-30,14000000.0,
149,94529,Stephan El Shaarawy,Left Winger,1992-10-27,32,"['Italy', 'Egypt']",178.0,right,2021-01-30,Shanghai Shenhua,2025-06-30,5000000.0,
150,668951,Matías Soulé,Right Winger,2003-04-15,21,"['Argentina', 'Italy']",182.0,left,2024-07-30,Juventus FC,2029-06-30,22000000.0,
151,381950,Alexis Saelemaekers,Right Winger,1999-06-27,25,['Belgium'],180.0,right,2024-08-30,AC Milan,2025-06-30,12000000.0,
152,206050,Paulo Dybala,Second Striker,1993-11-15,31,"['Argentina', 'Italy']",177.0,left,2022-07-20,Juventus FC,2026-06-30,8000000.0,
153,343537,Artem Dovbyk,Centre-Forward,1997-06-21,27,['Ukraine'],189.0,left,2024-08-02,Girona FC,2029-06-30,30000000.0,Adductor pain - Return unknown
154,358166,Eldor Shomurodov,Centre-Forward,1995-06-29,29,['Uzbekistan'],190.0,right,2021-08-02,: Ablöse €19.60m,2026-06-30,4000000.0,
155,197929,Ivan Provedel,Goalkeeper,1994-03-17,30,['Italy'],194.0,right,2022-08-08,: Ablöse €2.55m,2027-06-30,14000000.0,
156,481675,Christos Mandas,Goalkeeper,2001-09-17,23,['Greece'],189.0,right,2023-09-01,OFI Crete FC,2028-06-30,5000000.0,
157,918957,Davide Renzetti,Goalkeeper,2006-06-09,18,['Italy'],194.0,right,2024-07-01,Lazio U20,2027-06-30,100000.0,
158,538079,Alessio Furlanetto,Goalkeeper,2002-02-07,23,['Italy'],191.0,,,,2028-06-30,50000.0,
159,618341,Mario Gila,Centre-Back,2000-08-29,24,['Spain'],185.0,right,2022-07-12,Real Madrid Castilla,2027-06-30,28000000.0,
160,197747,Alessio Romagnoli,Centre-Back,1995-01-12,30,['Italy'],185.0,left,2022-07-12,AC Milan,2027-06-30,12000000.0,
161,276896,Samuel Gigot,Centre-Back,1993-10-12,31,['France'],187.0,right,2024-08-30,Olympique Marseille,2025-06-30,4000000.0,
162,126729,Patric,Centre-Back,1993-04-17,31,['Spain'],184.0,right,2015-07-01,FC Barcelona B,2027-06-30,4000000.0,
163,644408,Oliver Provstgaard,Centre-Back,2003-06-04,21,['Denmark'],194.0,left,2025-02-03,Vejle Boldklub,2029-06-30,2500000.0,
164,1110645,Filipe Bordon,Centre-Back,2005-06-24,19,"['Brazil', 'Italy']",193.0,right,2024-07-01,Ferroviária U20,2027-06-30,500000.0,
165,535955,Nuno Tavares,Left-Back,2000-01-26,25,"['Portugal', 'Cape Verde']",183.0,left,2024-07-15,Arsenal FC,2025-06-30,25000000.0,
166,346567,Luca Pellegrini,Left-Back,1999-03-07,25,['Italy'],178.0,left,2023-08-17,Juventus FC,2025-06-30,3500000.0,
167,239802,Adam Marusic,Right-Back,1992-10-17,32,"['Montenegro', 'Serbia']",185.0,right,2017-07-01,: Ablöse €5.50m,2025-06-30,4000000.0,
168,200056,Elseid Hysaj,Right-Back,1994-02-02,31,['Albania'],182.0,right,2021-07-01,: Ablöse free transfer,2026-06-30,2000000.0,Hamstring injury - Return unknown
169,525704,Nicolò Rovella,Defensive Midfield,2001-12-04,23,['Italy'],179.0,right,2023-08-16,Juventus FC,2025-06-30,25000000.0,
170,982855,Reda Belahyane,Defensive Midfield,2004-06-01,20,"['Morocco', 'France']",173.0,right,2025-02-03,Hellas Verona,2029-06-30,10000000.0,
171,465830,Mattéo Guendouzi,Central Midfield,1999-04-14,25,"['France', 'Morocco']",185.0,right,2024-07-01,Olympique Marseille,2028-06-30,32000000.0,
172,143812,Matías Vecino,Central Midfield,1991-08-24,33,"['Uruguay', 'Italy']",187.0,right,2022-08-01,Inter Milan,2025-06-30,2500000.0,"Hamstring injury - Return expected on Feb 24, 2025"
173,334835,Toma Bašić,Central Midfield,1996-11-25,28,['Croatia'],190.0,left,2021-08-25,FC Girondins Bordeaux,2026-06-30,1000000.0,
174,331401,Manuel Lazzari,Right Midfield,1993-11-29,31,['Italy'],174.0,right,2019-07-12,SPAL,2027-06-30,4000000.0,
175,530742,Fisayo Dele-Bashiru,Attacking Midfield,2001-02-06,24,"['Nigeria', 'England']",186.0,right,2024-07-06,Hatayspor,2025-06-30,6000000.0,Ankle injury - Return unknown
176,744728,Arijon Ibrahimovic,Attacking Midfield,2005-12-11,19,"['Germany', 'Kosovo']",176.0,right,2025-01-13,Bayern Munich,2025-06-30,4000000.0,
177,834468,Cristo Muñoz,Attacking Midfield,2005-02-01,20,['Spain'],,right,2024-07-01,FC Barcelona U19,2027-06-30,250000.0,
178,601577,André Anderson,Attacking Midfield,1999-09-23,25,"['Italy', 'Brazil']",180.0,right,2018-08-14,Santos FC U20,2025-06-30,200000.0,
179,283735,Mattia Zaccagni,Left Winger,1995-06-16,29,['Italy'],177.0,right,2022-07-01,Hellas Verona,2029-06-30,20000000.0,Team captain
180,462823,Gustav Isaksen,Right Winger,2001-04-19,23,['Denmark'],181.0,left,2023-08-08,: Ablöse €12.00m,2028-06-30,15000000.0,
181,457736,Tijjani Noslin,Right Winger,1999-07-07,25,['Netherlands'],178.0,right,2024-07-01,Hellas Verona,2029-06-30,12000000.0,
182,607226,Loum Tchaouna,Right Winger,2003-09-08,21,"['France', 'Chad']",180.0,left,2024-07-01,US Salernitana 1919,2029-06-30,10000000.0,
183,65278,Pedro,Right Winger,1987-07-28,37,['Spain'],167.0,both,2021-08-19,AS Roma,2025-06-30,1000000.0,
184,522784,Taty Castellanos,Centre-Forward,1998-10-03,26,['Argentina'],178.0,right,2023-07-21,: Ablöse €15.00m,2028-06-30,20000000.0,"Hamstring injury - Return expected on Mar 17, 2025"
185,626913,Boulaye Dia,Centre-Forward,1996-11-16,28,"['Senegal', 'France']",180.0,right,2024-08-16,US Salernitana 1919,2026-06-30,15000000.0,
186,59377,David de Gea,Goalkeeper,1990-11-07,34,['Spain'],192.0,right,2024-08-09,Without Club,2025-06-30,5000000.0,
187,934159,Tommaso Martinelli,Goalkeeper,2006-01-06,19,['Italy'],194.0,right,2023-07-01,Fiorentina Primavera,2029-06-30,1800000.0,
188,96254,Pietro Terracciano,Goalkeeper,1990-03-08,34,['Italy'],193.0,right,2019-07-07,: Ablöse free transfer,2026-06-30,1500000.0,
189,746712,Pietro Comuzzo,Centre-Back,2005-02-20,20,['Italy'],185.0,right,2023-07-01,Fiorentina Primavera,2028-06-30,15000000.0,
190,346561,Luca Ranieri,Centre-Back,1999-04-23,25,['Italy'],187.0,left,2018-07-01,: Ablöse -,2028-06-30,12000000.0,Team captain
191,282144,Marin Pongračić,Centre-Back,1997-09-11,27,"['Croatia', 'Germany']",193.0,right,2024-07-19,US Lecce,2029-06-30,10000000.0,
192,1144700,Matías Moreno,Centre-Back,2003-09-24,21,['Argentina'],193.0,right,2024-08-30,Club Atlético Belgrano,2029-06-30,4000000.0,
193,210178,Pablo Marí,Centre-Back,1993-08-31,31,['Spain'],193.0,left,2025-01-28,AC Monza,2027-06-30,3500000.0,
194,273132,Robin Gosens,Left-Back,1994-07-05,30,"['Germany', 'Netherlands']",183.0,left,2024-08-30,1.FC Union Berlin,2025-06-30,8000000.0,"Yellow card suspension - until Feb 24, 2025 - Serie A - 1 matchday"
195,547985,Fabiano Parisi,Left-Back,2000-11-09,24,['Italy'],178.0,left,2023-07-14,FC Empoli,2028-06-30,5000000.0,
196,401529,Dodô,Right-Back,1998-11-17,26,['Brazil'],166.0,right,2022-07-22,Shakhtar Donetsk,2027-06-30,22000000.0,
197,395236,Yacine Adli,Defensive Midfield,2000-07-29,24,"['France', 'Algeria']",186.0,right,2024-08-28,AC Milan,2025-06-30,15000000.0,Ankle problems - Return unknown
198,308279,Rolando Mandragora,Defensive Midfield,1997-06-29,27,['Italy'],183.0,left,2022-07-04,Juventus FC,2026-06-30,8000000.0,
199,199733,Danilo Cataldi,Defensive Midfield,1994-08-06,30,['Italy'],180.0,right,2024-08-30,SS Lazio,2025-06-30,4000000.0,
200,432090,Nicolò Fagioli,Central Midfield,2001-02-12,24,['Italy'],178.0,right,2025-02-03,Juventus FC,2025-06-30,20000000.0,
201,562049,Edoardo Bove,Central Midfield,2002-05-16,22,['Italy'],181.0,right,2024-08-30,AS Roma,2025-06-30,14000000.0,heart problems - Return unknown
202,893675,Amir Richardson,Central Midfield,2002-01-24,23,"['Morocco', 'France']",197.0,left,2024-08-12,Stade Reims,2029-06-30,9000000.0,
203,377042,Michael Folorunsho,Central Midfield,1998-02-07,27,"['Italy', 'Nigeria']",190.0,right,2025-01-11,SSC Napoli,2025-06-30,7000000.0,
204,651005,Cher Ndour,Central Midfield,2004-07-27,20,"['Italy', 'Senegal']",190.0,both,2025-02-03,Paris Saint-Germain,2029-06-30,4000000.0,
205,628366,Lucas Beltrán,Attacking Midfield,2001-03-29,23,"['Argentina', 'Italy']",176.0,right,2023-08-14,CA River Plate,2028-06-30,18000000.0,
206,392085,Nicolò Zaniolo,Attacking Midfield,1999-07-02,25,['Italy'],190.0,left,2025-02-03,Galatasaray,2025-06-30,18000000.0,
207,392959,Andrea Colpani,Attacking Midfield,1999-05-11,25,['Italy'],184.0,left,2024-07-26,AC Monza,2025-06-30,16000000.0,"Bruise on ankle - Return expected on Mar 16, 2025"
208,996453,Maat Daniel Caprini,Left Winger,2006-02-11,19,"['Italy', 'France']",180.0,right,2025-02-03,Fiorentina Primavera,2027-06-30,2000000.0,
209,305947,Albert Gudmundsson,Second Striker,1997-06-15,27,['Iceland'],177.0,right,2024-08-16,Genoa CFC,2025-06-30,28000000.0,
210,364135,Moise Kean,Centre-Forward,2000-02-28,24,"['Italy', ""Cote d'Ivoire""]",183.0,right,2024-07-09,Juventus FC,2029-06-30,30000000.0,
211,80894,Lukasz Skorupski,Goalkeeper,1991-05-05,33,['Poland'],188.0,right,2018-07-01,AS Roma,2025-06-30,2500000.0,
212,390304,Federico Ravaglia,Goalkeeper,1999-11-11,25,['Italy'],196.0,right,2017-07-01,: Ablöse -,2028-06-30,1000000.0,
213,818892,Nicola Bagnolini,Goalkeeper,2004-03-14,20,['Italy'],194.0,right,2022-07-01,Bologna Primavera,2027-06-30,200000.0,
214,433984,Sam Beukema,Centre-Back,1998-11-17,26,['Netherlands'],188.0,right,2023-07-03,AZ Alkmaar,2027-06-30,22000000.0,
215,413565,Jhon Lucumí,Centre-Back,1998-06-26,26,['Colombia'],187.0,left,2022-08-18,KRC Genk,2026-06-30,18000000.0,
216,389837,Nicolò Casale,Centre-Back,1998-02-14,27,['Italy'],191.0,right,2024-08-30,SS Lazio,2025-06-30,7000000.0,
217,357003,Martin Erlić,Centre-Back,1998-01-24,27,['Croatia'],193.0,right,2024-08-02,US Sassuolo,2029-06-30,5000000.0,
218,341227,Juan Miranda,Left-Back,2000-01-19,25,['Spain'],185.0,left,2024-07-03,Real Betis Balompié,2027-06-30,11000000.0,
219,136514,Charalampos Lykogiannis,Left-Back,1993-10-22,31,['Greece'],191.0,left,2022-07-01,Cagliari Calcio,2025-06-30,1000000.0,
220,262523,Davide Calabria,Right-Back,1996-12-06,28,['Italy'],176.0,right,2025-02-03,AC Milan,2025-06-30,7500000.0,
221,496745,Emil Holm,Right-Back,2000-05-13,24,['Sweden'],191.0,right,2024-07-01,Spezia Calcio,2028-06-30,7000000.0,"Hamstring injury - Return expected on Mar 12, 2025"
222,33571,Lorenzo De Silvestri,Right-Back,1988-05-23,36,['Italy'],187.0,right,2020-09-17,Torino FC,2025-06-30,400000.0,
223,316934,Nikola Moro,Defensive Midfield,1998-03-12,26,['Croatia'],184.0,right,2023-07-02,Dynamo Moscow,2027-06-30,5000000.0,
224,531065,Oussama El Azzouzi,Defensive Midfield,2001-05-29,23,"['Morocco', 'Netherlands']",189.0,right,2023-07-20,Union Saint-Gilloise,2027-06-30,2000000.0,
225,392538,Tommaso Pobega,Central Midfield,1999-07-15,25,['Italy'],188.0,left,2024-08-24,AC Milan,2025-06-30,10000000.0,
226,237658,Michel Aebischer,Central Midfield,1997-01-06,28,['Switzerland'],183.0,right,2022-07-01,BSC Young Boys,2027-06-30,10000000.0,
227,148252,Remo Freuler,Central Midfield,1992-04-15,32,['Switzerland'],180.0,right,2024-07-01,Nottingham Forest,2026-06-30,6500000.0,
228,464446,Andri Fannar Baldursson,Central Midfield,2002-01-10,23,['Iceland'],187.0,right,2020-06-01,Bologna Primavera,2025-06-30,900000.0,
229,428563,Lewis Ferguson,Attacking Midfield,1999-08-24,25,['Scotland'],181.0,right,2022-07-12,Aberdeen FC,2028-06-30,22000000.0,Team captain
230,633668,Giovanni Fabbian,Attacking Midfield,2003-01-14,22,['Italy'],186.0,right,2023-08-20,Inter Milan,2028-06-30,13000000.0,
231,345590,Jens Odgaard,Attacking Midfield,1999-03-31,25,['Denmark'],188.0,left,2024-07-01,AZ Alkmaar,2027-06-30,7000000.0,"Hamstring muscle injury - Return expected on Mar 10, 2025"
232,961022,Benja Domínguez,Left Winger,2003-09-19,21,['Argentina'],172.0,right,2024-08-28,Club de Gimnasia y Esgrima La Plata,2029-06-30,6000000.0,
233,913539,Estanis Pedrola,Left Winger,2003-08-24,21,['Spain'],185.0,right,2025-02-03,UC Sampdoria,2025-06-30,1800000.0,"Hamstring injury - Return expected on Mar 7, 2025"
234,365108,Dan Ndoye,Right Winger,2000-10-25,24,"['Switzerland', 'Senegal']",184.0,right,2023-08-14,FC Basel 1893,2027-06-30,25000000.0,
235,368482,Riccardo Orsolini,Right Winger,1997-01-24,28,['Italy'],183.0,left,2019-07-01,: Ablöse €15.00m,2027-06-30,16000000.0,
236,459151,Nicolò Cambiaghi,Second Striker,2000-12-28,24,['Italy'],173.0,right,2024-07-12,Atalanta BC,2029-06-30,7000000.0,
237,849520,Santiago Castro,Centre-Forward,2004-09-18,20,['Argentina'],179.0,right,2024-01-30,CA Vélez Sarsfield,2028-06-30,25000000.0,
238,538964,Thijs Dallinga,Centre-Forward,2000-08-03,24,['Netherlands'],190.0,right,2024-07-23,FC Toulouse,2028-06-30,12000000.0,
239,257474,Vanja Milinković-Savić,Goalkeeper,1997-02-20,28,"['Serbia', 'Spain']",202.0,right,2017-07-01,Lechia Gdansk,2026-06-30,8000000.0,
240,163048,Alberto Paleari,Goalkeeper,1992-08-29,32,['Italy'],193.0,right,2024-07-19,Benevento Calcio,2026-06-30,500000.0,
241,88685,Antonio Donnarumma,Goalkeeper,1990-07-07,34,['Italy'],192.0,right,2024-08-14,Calcio Padova,2026-06-30,300000.0,
242,418543,Perr Schuurs,Centre-Back,1999-11-26,25,['Netherlands'],191.0,right,2022-08-18,: Ablöse €9.40m,2026-06-30,15000000.0,"Knee surgery - Return expected on Feb 28, 2025"
243,588426,Saúl Coco,Centre-Back,1999-02-09,26,"['Equatorial Guinea', 'Spain']",187.0,right,2024-07-17,UD Las Palmas,2028-06-30,14000000.0,
244,345458,Sebastian Walukiewicz,Centre-Back,2000-04-05,24,['Poland'],188.0,right,2024-08-30,FC Empoli,2027-06-30,5000000.0,
245,249730,Guillermo Maripán,Centre-Back,1994-05-06,30,['Chile'],193.0,right,2024-08-29,AS Monaco,2026-06-30,4000000.0,
246,286949,Adam Masina,Centre-Back,1994-01-02,31,"['Morocco', 'Italy']",191.0,left,2024-07-01,Udinese Calcio,2026-06-30,1500000.0,
247,124555,Cristiano Biraghi,Left-Back,1992-09-01,32,['Italy'],185.0,left,2025-02-03,ACF Fiorentina,2025-06-30,2000000.0,
248,467992,Samuele Ricci,Defensive Midfield,2001-08-21,23,['Italy'],181.0,right,2022-07-01,FC Empoli,2028-06-30,28000000.0,Team captain
249,157507,Adrien Tamèze,Defensive Midfield,1994-02-04,31,"['France', 'Cameroon']",182.0,right,2023-07-23,Hellas Verona,2026-06-30,3500000.0,"Calf injury - Return expected on Feb 25, 2025"
250,470794,Ivan Ilić,Central Midfield,2001-03-17,23,['Serbia'],186.0,left,2023-07-01,Hellas Verona,2027-06-30,18000000.0,muscular problems - Return unknown
251,622380,Cesare Casadei,Central Midfield,2003-01-10,22,['Italy'],192.0,right,2025-02-02,Chelsea FC,2029-06-30,10000000.0,
252,798929,Gvidas Gineitis,Central Midfield,2004-04-15,20,['Lithuania'],191.0,left,2023-01-02,Torino Primavera,2028-06-30,4000000.0,
253,225873,Karol Linetty,Central Midfield,1995-02-02,30,['Poland'],175.0,right,2020-09-01,UC Sampdoria,2025-06-30,3500000.0,
254,743091,Emirhan İlkhan,Central Midfield,2004-06-01,20,['Türkiye'],175.0,right,2022-08-08,Besiktas JK,2026-06-30,2500000.0,"Cruciate ligament injury - Return expected on Mar 7, 2025"
255,583404,Marcus Pedersen,Right Midfield,2000-07-16,24,['Norway'],184.0,right,2024-08-22,Feyenoord Rotterdam,2025-06-30,4500000.0,
256,1004344,Ali Dembélé,Right Midfield,2004-01-05,21,"['France', 'Mali']",189.0,right,2023-07-01,Torino Primavera,2026-06-30,800000.0,
257,293194,Borna Sosa,Left Midfield,1998-01-21,27,"['Croatia', 'Germany']",187.0,left,2024-08-17,Ajax Amsterdam,2025-06-30,6000000.0,flu - Return unknown
258,186368,Valentino Lazaro,Left Midfield,1996-03-24,28,['Austria'],181.0,right,2023-08-23,Inter Milan,2025-06-30,3500000.0,
259,400489,Eljif Elmas,Attacking Midfield,1999-09-24,25,['North Macedonia'],184.0,right,2025-01-30,RB Leipzig,2025-06-30,12000000.0,
260,293200,Nikola Vlašić,Attacking Midfield,1997-10-04,27,['Croatia'],179.0,right,2023-08-08,West Ham United,2027-06-30,7000000.0,
261,934527,Alieu Njie,Left Winger,2005-05-14,19,"['Sweden', 'The Gambia']",185.0,right,2024-07-01,Torino Primavera,2027-06-30,2500000.0,"Broken ankle - Return expected on May 2, 2025"
262,324804,Yann Karamoh,Left Winger,1998-07-08,26,"['France', ""Cote d'Ivoire""]",184.0,right,2022-09-01,Parma Calcio 1913,2025-06-30,1800000.0,
263,928900,Zanos Savva,Right Winger,2005-11-26,19,['Cyprus'],191.0,left,2024-07-01,Torino Primavera,2026-06-30,1000000.0,
264,346779,Ché Adams,Centre-Forward,1996-07-13,28,"['Scotland', 'England']",179.0,right,2024-07-23,Southampton FC,2027-06-30,15000000.0,
265,234523,Antonio Sanabria,Centre-Forward,1996-03-04,28,"['Paraguay', 'Spain']",180.0,right,2021-01-31,Real Betis Balompié,2026-06-30,6000000.0,
266,73794,Duván Zapata,Centre-Forward,1991-04-01,33,['Colombia'],188.0,right,2024-07-01,Atalanta BC,2026-06-30,4000000.0,"Cruciate ligament tear - Return expected on May 1, 2025"
267,980576,Amine Salama,Centre-Forward,2000-07-18,24,"['France', 'Morocco']",192.0,right,2025-02-03,Stade Reims,2025-06-30,1800000.0,
268,432298,Zion Suzuki,Goalkeeper,2002-08-21,22,['Japan'],190.0,right,2024-07-15,Sint-Truidense VV,2029-06-30,9000000.0,
269,528181,Edoardo Corvi,Goalkeeper,2001-03-23,23,['Italy'],187.0,right,2020-07-01,Parma Primavera,2027-06-30,350000.0,
270,86083,Richard Marcone,Goalkeeper,1993-01-21,32,"['Italy', 'Romania']",184.0,right,2025-01-10,SS Turris Calcio,,225000.0,
271,867137,Alessandro Circati,Centre-Back,2003-10-10,21,"['Australia', 'Italy']",190.0,right,2022-07-01,Parma Primavera,2027-06-30,8500000.0,"Cruciate ligament tear - Return expected on Apr 1, 2025"
272,1086619,Giovanni Leoni,Centre-Back,2006-12-21,18,['Italy'],193.0,right,2024-08-27,UC Sampdoria,2027-06-30,4500000.0,
273,543727,Botond Balogh,Centre-Back,2002-06-06,22,['Hungary'],189.0,right,2020-09-01,Parma Primavera,2027-06-30,2500000.0,
274,330208,Alessandro Vogliacco,Centre-Back,1998-09-14,26,['Italy'],186.0,right,2025-01-15,Genoa CFC,2025-06-30,2000000.0,Muscle fatigue - Return unknown
275,358165,Yordan Osorio,Centre-Back,1994-05-10,30,['Venezuela'],189.0,right,2020-10-05,FC Porto,2025-06-30,1700000.0,surgery - Return unknown
276,625202,Lautaro Valenti,Centre-Back,1999-01-14,26,"['Argentina', 'Italy']",188.0,left,2021-07-01,CA Lanús,2027-06-30,1500000.0,
277,661212,Mathias Løvik,Left-Back,2003-12-06,21,['Norway'],183.0,left,2025-01-08,Molde FK,2029-06-30,5000000.0,
278,445126,Emanuele Valeri,Left-Back,1998-12-07,26,['Italy'],180.0,left,2024-07-01,Frosinone Calcio,2027-06-30,3000000.0,
279,392956,Enrico Delprato,Right-Back,1999-11-10,25,['Italy'],183.0,right,2022-07-01,Atalanta BC,2027-06-30,6000000.0,Team captain
280,917375,Antoine Hainaut,Right-Back,2002-02-18,23,['France'],187.0,right,2022-01-31,US Boulogne,2026-06-30,1000000.0,
281,707844,Mandela Keita,Defensive Midfield,2002-05-10,22,"['Belgium', 'Guinea']",180.0,right,2024-08-30,Royal Antwerp FC,2029-06-30,11000000.0,
282,552472,Nahuel Estévez,Defensive Midfield,1995-11-14,29,"['Argentina', 'Spain']",181.0,right,2022-07-02,FC Crotone,2026-06-30,3500000.0,
283,466802,Adrián Bernabé,Central Midfield,2001-05-26,23,['Spain'],170.0,left,2021-07-07,Manchester City U23,2027-06-30,15000000.0,
284,507486,Simon Sohm,Central Midfield,2001-04-11,23,"['Switzerland', 'Nigeria']",188.0,right,2020-10-04,: Ablöse €6.40m,2027-06-30,4000000.0,
285,181768,Hernani,Central Midfield,1994-03-27,30,['Brazil'],188.0,both,2020-09-01,: Ablöse €6.47m,2026-06-30,2000000.0,unknown injury - Return unknown
286,614742,Drissa Camara,Central Midfield,2002-02-18,23,"[""Cote d'Ivoire"", 'Italy']",179.0,right,2021-07-01,Parma Primavera,2025-06-30,1000000.0,
287,663237,Jacob Ondrejka,Left Winger,2002-09-02,22,['Sweden'],179.0,right,2025-01-23,Royal Antwerp FC,2029-06-30,7000000.0,
288,454386,Adrian Benedyczak,Left Winger,2000-11-24,24,['Poland'],191.0,both,2021-07-01,Pogon Szczecin,2028-06-30,6000000.0,"Ankle surgery - Return expected on May 31, 2025"
289,535469,Valentin Mihăilă,Left Winger,2000-02-02,25,['Romania'],180.0,right,2020-10-05,CS Universitatea Craiova,2027-06-30,3000000.0,muscular problems - Return unknown
290,397486,Dennis Man,Right Winger,1998-08-26,26,['Romania'],183.0,left,2021-01-29,FCSB,2027-06-30,17000000.0,
291,550106,Matteo Cancellieri,Right Winger,2002-02-12,23,['Italy'],185.0,left,2024-08-14,SS Lazio,2025-06-30,5000000.0,
292,300532,Pontus Almqvist,Right Winger,1999-07-10,25,['Sweden'],183.0,left,2024-08-13,FC Rostov,2027-06-30,2500000.0,
293,883122,Anas Haj Mohamed,Right Winger,2005-03-26,19,"['Tunisia', 'Morocco']",174.0,right,2023-07-01,Parma Primavera,2026-06-30,1800000.0,
294,902573,Mateusz Kowalski,Second Striker,2005-07-21,19,['Poland'],197.0,right,2024-07-01,Parma Primavera,2028-06-30,300000.0,"Cruciate ligament tear - Return expected on Mar 24, 2025"
295,827734,Ange-Yoan Bonny,Centre-Forward,2003-10-25,21,"['France', ""Cote d'Ivoire""]",189.0,right,2021-08-31,LB Châteauroux B,2027-06-30,20000000.0,
296,856530,Mateo Pellegrino,Centre-Forward,2001-10-22,23,"['Argentina', 'Spain']",192.0,left,2025-02-03,CA Vélez Sarsfield,2029-06-30,3500000.0,
297,660342,Gabriel Charpentier,Centre-Forward,1999-05-17,25,"['Congo', 'France']",188.0,right,2022-08-30,Genoa CFC,2026-06-30,1600000.0,"Achilles tendon rupture - Return expected on Jun 1, 2025"
298,67556,Milan Djuric,Centre-Forward,1990-05-22,34,"['Bosnia-Herzegovina', 'Italy']",199.0,right,2025-01-22,AC Monza,2026-06-30,1500000.0,Collateral ligament injury - Return unknown
299,136111,Nicola Leali,Goalkeeper,1993-02-17,32,['Italy'],188.0,right,2023-07-05,Ascoli Calcio,2026-06-30,800000.0,
300,111426,Benjamin Siegrist,Goalkeeper,1992-01-31,33,['Switzerland'],196.0,right,2025-01-28,FC Rapid 1923,2025-06-30,650000.0,
301,312773,Daniele Sommariva,Goalkeeper,1997-07-18,27,['Italy'],185.0,right,2023-07-05,Delfino Pescara 1936,2025-06-30,100000.0,
302,490384,Koni De Winter,Centre-Back,2002-06-12,22,['Belgium'],191.0,right,2024-07-01,Juventus FC,2028-06-30,12000000.0,
303,532937,Johan Vásquez,Centre-Back,1998-10-22,26,['Mexico'],185.0,left,2022-01-03,UNAM Pumas,2027-06-30,10000000.0,
304,861981,Alan Matturro,Centre-Back,2004-10-11,20,"['Uruguay', 'Italy']",189.0,left,2023-01-02,Defensor Sporting Club,2026-06-30,8000000.0,
305,176139,Mattia Bani,Centre-Back,1993-12-10,31,['Italy'],188.0,right,2020-10-05,Bologna FC 1909,2026-06-30,2000000.0,
306,890385,Sebastian Otoa,Centre-Back,2004-05-13,20,['Denmark'],198.0,right,2025-01-16,Aalborg BK,2028-06-30,600000.0,
307,251878,Aarón Martín,Left-Back,1997-04-22,27,['Spain'],178.0,left,2023-07-03,1.FSV Mainz 05,2026-06-30,5000000.0,
308,1077175,Honest Ahanor,Left-Back,2008-02-23,17,"['Italy', 'Nigeria']",184.0,left,2024-07-01,Genoa U20,2027-06-30,3000000.0,"Meniscus injury - Return expected on Mar 24, 2025"
309,397225,Alessandro Zanoli,Right-Back,2000-10-03,24,['Italy'],188.0,right,2024-07-11,SSC Napoli,2025-06-30,6000000.0,
310,728733,Brooke Norton-Cuffy,Right-Back,2004-01-12,21,"['England', 'Dominica']",181.0,right,2024-08-14,Arsenal FC U21,2029-06-30,4500000.0,
311,167491,Stefano Sabelli,Right-Back,1993-01-13,32,['Italy'],176.0,right,2021-07-20,FC Empoli,2026-06-30,1500000.0,
312,656441,Jean Onana,Defensive Midfield,2000-01-08,25,['Cameroon'],189.0,right,2025-01-30,Besiktas JK,2025-06-30,3000000.0,
313,1083164,Lior Kassa,Defensive Midfield,2005-09-27,19,"['Israel', 'Ethiopia']",185.0,right,2024-08-25,Maccabi Haifa,2025-06-30,1000000.0,
314,40633,Milan Badelj,Defensive Midfield,1989-02-25,35,['Croatia'],186.0,right,2020-09-16,SS Lazio,2025-06-30,800000.0,"Team captain; Yellow card suspension -  - Italy Cup - 1 matchday; Adductor pain - Return expected on Feb 26, 2025"
315,503871,Morten Frendrup,Central Midfield,2001-04-07,23,['Denmark'],178.0,right,2022-01-30,Bröndby IF,2028-06-30,20000000.0,
316,571607,Fabio Miretti,Central Midfield,2003-08-03,21,['Italy'],180.0,right,2024-08-25,Juventus FC,2025-06-30,12000000.0,
317,226524,Morten Thorsby,Central Midfield,1996-05-05,28,['Norway'],188.0,right,2024-07-01,1.FC Union Berlin,2026-06-30,3000000.0,muscular problems - Return unknown
318,459665,Patrizio Masini,Central Midfield,2001-01-27,24,['Italy'],182.0,right,,,2028-06-30,600000.0,
319,207877,Ruslan Malinovskyi,Attacking Midfield,1993-05-04,31,['Ukraine'],181.0,left,2024-01-31,Olympique Marseille,2027-06-30,3500000.0,
320,906315,Hugo Cuenca,Attacking Midfield,2005-01-08,20,"['Paraguay', 'Spain']",183.0,left,2025-02-03,Milan Futuro,,100000.0,
321,234781,Maxwel Cornet,Left Winger,1996-09-27,28,"[""Cote d'Ivoire"", 'France']",179.0,left,2025-01-20,West Ham United,2025-06-30,8000000.0,
322,449151,Junior Messias,Right Winger,1991-05-13,33,"['Brazil', 'Italy']",174.0,left,2024-01-13,AC Milan,2025-06-30,2000000.0,
323,315865,Andrea Pinamonti,Centre-Forward,1999-05-19,25,['Italy'],185.0,right,2024-08-16,US Sassuolo,2025-06-30,16000000.0,
324,586853,Vitinha,Centre-Forward,2000-03-15,24,['Portugal'],178.0,right,2024-07-01,Olympique Marseille,2028-06-30,13000000.0,"Thigh problems - Return expected on Feb 26, 2025"
325,934878,Jeff Ekhator,Centre-Forward,2006-11-11,18,"['Italy', 'Nigeria']",188.0,right,2024-07-01,Genoa U20,2029-06-30,5000000.0,
326,199953,Caleb Ekuban,Centre-Forward,1994-03-23,30,"['Ghana', 'Italy']",182.0,right,2021-08-10,Trabzonspor,2026-06-30,1500000.0,
327,45146,Mario Balotelli,Centre-Forward,1990-08-12,34,"['Italy', 'Ghana']",189.0,right,2024-10-28,Without Club,2025-06-30,500000.0,
328,340353,Maduka Okoye,Goalkeeper,1999-08-28,25,"['Nigeria', 'Germany']",198.0,right,2023-08-24,Watford FC,2028-06-30,7500000.0,"Wrist injury - Return expected on Apr 13, 2025"
329,568617,Răzvan Sava,Goalkeeper,2002-06-21,22,['Romania'],197.0,right,2024-08-23,CFR Cluj,2029-06-30,2000000.0,
330,27807,Daniele Padelli,Goalkeeper,1985-10-25,39,['Italy'],191.0,right,2021-07-01,Inter Milan,2025-06-30,150000.0,
331,612059,Edoardo Piana,Goalkeeper,2003-09-29,21,['Italy'],198.0,right,2022-07-01,Udinese Primavera,,50000.0,
332,371851,Jaka Bijol,Centre-Back,1999-02-05,26,['Slovenia'],190.0,right,2022-07-14,CSKA Moscow,2027-06-30,18000000.0,
333,463665,Oumar Solet,Centre-Back,2000-02-07,25,"['France', 'Central African Republic']",192.0,right,2025-01-02,Without Club,2027-06-30,8000000.0,
334,708678,Isaak Touré,Centre-Back,2003-03-28,21,"['France', ""Cote d'Ivoire""]",206.0,left,2024-08-30,FC Lorient,2025-06-30,8000000.0,Knee bruise - Return unknown
335,698259,Thomas Kristensen,Centre-Back,2002-01-17,23,['Denmark'],198.0,right,2023-09-01,Aarhus GF,2028-06-30,4500000.0,
336,225963,Lautaro Giannetti,Centre-Back,1993-11-13,31,"['Argentina', 'Italy']",185.0,right,2024-01-05,CA Vélez Sarsfield,2026-06-30,2500000.0,
337,1058354,Matteo Palma,Centre-Back,2008-03-13,16,"['Germany', 'Italy']",194.0,right,2024-07-01,Udinese Primavera,2027-06-30,1000000.0,
338,81512,Christian Kabasele,Centre-Back,1991-02-24,33,"['Belgium', 'DR Congo']",187.0,right,2023-07-25,Watford FC,2025-06-30,1000000.0,
339,925584,Axel Guessand,Centre-Back,2004-11-06,20,"['France', ""Cote d'Ivoire""]",192.0,left,2022-07-01,AS Nancy-Lorraine B,2027-06-30,500000.0,
340,633530,Jordan Zemura,Left-Back,1999-11-14,25,"['Zimbabwe', 'England']",173.0,left,2023-07-01,AFC Bournemouth,2027-06-30,5000000.0,
341,290017,Hassane Kamara,Left-Back,1994-03-05,30,"[""Cote d'Ivoire"", 'France']",170.0,left,2022-08-22,Watford FC,2026-06-30,3500000.0,
342,272812,Kingsley Ehizibue,Right-Back,1995-05-25,29,"['Netherlands', 'Nigeria']",189.0,right,2022-08-29,1.FC Köln,2026-06-30,3000000.0,
343,222855,Jesper Karlström,Defensive Midfield,1995-06-21,29,['Sweden'],185.0,right,2024-08-03,Lech Poznan,2026-06-30,2500000.0,
344,855308,Arthur Atta,Defensive Midfield,2003-01-14,22,"['France', 'Benin']",189.0,right,2024-08-30,FC Metz,2025-06-30,1000000.0,
345,268429,Sandi Lovrić,Central Midfield,1998-03-28,26,"['Slovenia', 'Austria']",180.0,right,2022-07-01,: Ablöse free transfer,2027-06-30,8000000.0,
346,361068,Jurgen Ekkelenkamp,Central Midfield,2000-04-05,24,['Netherlands'],188.0,right,2024-08-06,Royal Antwerp FC,2029-06-30,5500000.0,
347,555820,Martín Payero,Central Midfield,1998-09-11,26,"['Argentina', 'Italy']",182.0,right,2023-09-01,Middlesbrough FC,2027-06-30,4500000.0,
348,524010,Oier Zarraga,Central Midfield,1999-01-04,26,['Spain'],175.0,right,2023-07-01,Athletic Bilbao,2027-06-30,2000000.0,
349,671799,Rui Modesto,Right Midfield,1999-10-07,25,"['Angola', 'Portugal']",181.0,right,2024-08-30,AIK,2029-06-30,1800000.0,
350,876400,Simone Pafundi,Attacking Midfield,2006-03-14,18,['Italy'],166.0,left,2022-07-01,Udinese Primavera,2026-06-30,6000000.0,
351,1009633,David Pejičić,Attacking Midfield,2007-06-14,17,['Slovenia'],,right,2023-07-01,Udinese Primavera,2027-06-30,1000000.0,
352,184892,Florian Thauvin,Second Striker,1993-01-26,32,['France'],181.0,left,2023-01-31,Tigres UANL,2025-06-30,5000000.0,Team captain
353,572265,Lorenzo Lucca,Centre-Forward,2000-09-10,24,['Italy'],201.0,right,2024-07-01,Pisa Sporting Club,2028-06-30,18000000.0,
354,412366,Brenner,Centre-Forward,2000-01-16,25,['Brazil'],175.0,right,2023-07-01,FC Cincinnati,2028-06-30,8000000.0,
355,950593,Damián Pizarro,Centre-Forward,2005-03-28,19,['Chile'],187.0,right,2024-07-02,CSD Colo-Colo,2029-06-30,6500000.0,
356,412660,Keinan Davis,Centre-Forward,1998-02-13,27,['England'],189.0,left,2023-09-01,: Ablöse €2.30m,2027-06-30,4000000.0,
357,40433,Alexis Sánchez,Centre-Forward,1988-12-19,36,['Chile'],169.0,right,2024-08-10,Inter Milan,2026-06-30,2000000.0,
358,741292,Iker Bravo,Centre-Forward,2005-01-13,20,['Spain'],182.0,right,2024-07-31,Bayer 04 Leverkusen,2028-06-30,1500000.0,
359,290537,Jean Butez,Goalkeeper,1995-06-08,29,['France'],189.0,right,2025-01-07,Royal Antwerp FC,2028-06-30,4000000.0,
360,7825,Pepe Reina,Goalkeeper,1982-08-31,42,['Spain'],188.0,right,2024-07-18,Villarreal CF,2025-06-30,600000.0,
361,88595,Mauro Vigorito,Goalkeeper,1990-05-22,34,['Italy'],187.0,right,2023-07-01,Cosenza Calcio,,150000.0,
362,431417,Pierre Bolchini,Goalkeeper,1999-02-27,25,['Italy'],200.0,left,2019-08-28,: Ablöse free transfer,,50000.0,
363,385394,Alberto Dossena,Centre-Back,1998-10-13,26,['Italy'],195.0,right,2024-07-01,Cagliari Calcio,2028-06-30,7000000.0,
364,160938,Marc Oliver Kempf,Centre-Back,1995-01-28,30,['Germany'],186.0,left,2024-08-28,Hertha BSC,2027-06-30,2500000.0,
365,242940,Edoardo Goldaniga,Centre-Back,1993-11-02,31,['Italy'],193.0,right,2024-01-28,Cagliari Calcio,2026-06-30,1200000.0,
366,1004723,Fellipe Jack,Centre-Back,2006-01-12,19,"['Brazil', 'Italy']",187.0,left,2024-07-01,Como Primavera,2025-06-30,200000.0,
367,709957,Álex Valle,Left-Back,2004-04-25,20,['Spain'],178.0,left,2025-01-31,FC Barcelona,2025-06-30,3000000.0,
368,207917,Alberto Moreno,Left-Back,1992-07-05,32,['Spain'],171.0,left,2024-07-19,Villarreal CF,2025-06-30,1800000.0,
369,336125,Mërgim Vojvoda,Right-Back,1995-02-01,30,"['Kosovo', 'Albania']",187.0,right,2025-02-03,Torino FC,2028-06-30,3000000.0,
370,490423,Ignace Van der Brempt,Right-Back,2002-04-01,22,['Belgium'],187.0,right,2024-08-30,Red Bull Salzburg,2025-06-30,3000000.0,muscular problems - Return unknown
371,571271,Ivan Smolcic,Right-Back,2000-08-17,24,['Croatia'],181.0,right,2025-02-03,HNK Rijeka,2029-06-30,2000000.0,
372,668547,Máximo Perrone,Defensive Midfield,2003-01-07,22,"['Argentina', 'Spain']",177.0,left,2024-08-25,Manchester City,2025-06-30,9000000.0,
373,405670,Yannik Engelhardt,Defensive Midfield,2001-02-07,24,['Germany'],184.0,right,2024-08-01,Fortuna Düsseldorf,2027-06-30,7000000.0,
374,395237,Maxence Caqueret,Central Midfield,2000-02-15,25,['France'],174.0,right,2025-01-12,Olympique Lyon,2029-06-30,15000000.0,
375,495667,Lucas Da Cunha,Central Midfield,2001-06-09,23,"['France', 'Portugal']",174.0,left,2023-01-16,OGC Nice,2029-06-30,6000000.0,
376,85370,Sergi Roberto,Central Midfield,1992-02-07,33,['Spain'],178.0,right,2024-08-23,FC Barcelona,2026-06-30,2000000.0,"Calf injury - Return expected on Feb 24, 2025"
377,488052,Matthias Braunöder,Central Midfield,2002-03-27,22,['Austria'],174.0,right,2024-07-01,Austria Vienna,2027-06-30,2000000.0,
378,1059730,Giuseppe Mazzaglia,Central Midfield,2006-04-20,18,['Italy'],180.0,right,2024-07-31,Como Primavera,2027-06-30,250000.0,
379,330472,Alessio Iovine,Right Midfield,1991-02-01,34,['Italy'],174.0,right,2019-07-05,AS Giana Erminio,,400000.0,
380,948294,Nico Paz,Attacking Midfield,2004-09-08,20,"['Argentina', 'Spain']",186.0,left,2024-08-25,Real Madrid Castilla,2028-06-30,20000000.0,
381,207929,Dele Alli,Attacking Midfield,1996-04-11,28,"['England', 'Nigeria']",188.0,right,2025-01-19,Without Club,2026-06-30,3500000.0,Fitness - Return unknown
382,957295,Naj Razi,Attacking Midfield,2006-10-28,18,"['Ireland', 'Algeria']",175.0,both,2024-07-01,Como Primavera,2026-06-30,300000.0,
383,749552,Alieu Fadera,Left Winger,2001-11-03,23,['The Gambia'],182.0,right,2024-08-14,KRC Genk,2028-06-30,5000000.0,
384,1061282,Assane Diao,Right Winger,2005-09-07,19,"['Spain', 'Senegal']",185.0,right,2025-01-07,Real Betis Balompié,2029-06-30,9000000.0,
385,324690,Jonathan Ikoné,Right Winger,1998-05-02,26,"['France', 'DR Congo']",175.0,left,2025-01-31,ACF Fiorentina,2025-06-30,8000000.0,
386,457673,Gabriel Strefezza,Right Winger,1997-04-18,27,"['Brazil', 'Italy']",168.0,right,2024-07-01,US Lecce,2027-06-30,6000000.0,
387,265078,Patrick Cutrone,Centre-Forward,1998-01-03,27,['Italy'],183.0,right,2022-08-29,Wolverhampton Wanderers,2028-06-30,7000000.0,
388,523318,Anastasios Douvikas,Centre-Forward,1999-08-02,25,['Greece'],186.0,right,2025-02-03,Celta de Vigo,2029-06-30,5000000.0,
389,633306,Iván Azón,Centre-Forward,2002-12-24,22,['Spain'],182.0,right,2025-02-03,Real Zaragoza,2029-06-30,3000000.0,"Calf muscle tear - Return expected on Mar 25, 2025"
390,311333,Alessandro Gabrielloni,Centre-Forward,1994-07-10,30,['Italy'],178.0,right,2018-01-31,AS Bisceglie 1913,2027-06-30,1000000.0,Team captain
391,543666,Stefano Turati,Goalkeeper,2001-09-05,23,['Italy'],188.0,right,2024-08-23,US Sassuolo,2025-06-30,7500000.0,
392,537171,Semuel Pizzignacco,Goalkeeper,2001-09-01,23,['Italy'],188.0,right,2025-02-03,Feralpisalò,2027-06-30,800000.0,
393,815567,Andrea Mazza,Goalkeeper,2004-03-19,20,['Italy'],190.0,right,2024-07-01,Monza Primavera,2027-06-30,75000.0,
394,993645,Tomás Palacios,Centre-Back,2003-04-28,21,['Argentina'],196.0,left,2025-01-29,Inter Milan,2025-06-30,6000000.0,
395,481834,Andrea Carboni,Centre-Back,2001-02-04,24,['Italy'],187.0,left,2022-07-01,Cagliari Calcio,2027-06-30,4000000.0,
396,32113,Armando Izzo,Centre-Back,1992-03-02,32,['Italy'],183.0,right,2023-07-05,Torino FC,2026-06-30,2500000.0,"Yellow card suspension - until Feb 25, 2025 - Serie A - 1 matchday"
397,797572,Stefan Leković,Centre-Back,2004-01-09,21,['Serbia'],192.0,right,2025-01-17,Red Star Belgrade,2025-06-30,1800000.0,Adductor pain - Return unknown
398,88680,Luca Caldirola,Centre-Back,1991-02-01,34,['Italy'],186.0,left,2021-07-17,Benevento Calcio,2025-06-30,1000000.0,Achilles tendon irritation - Return unknown
399,55769,Danilo D'Ambrosio,Centre-Back,1988-09-09,36,['Italy'],180.0,right,2023-08-02,Inter Milan,2025-06-30,800000.0,
400,381706,Arvid Brorsson,Centre-Back,1999-05-08,25,['Sweden'],193.0,right,2025-01-29,Mjällby AIF,2027-06-30,600000.0,
401,461019,Samuele Birindelli,Right-Back,1999-07-19,25,['Italy'],176.0,right,2022-07-07,Pisa Sporting Club,2026-06-30,3500000.0,muscular problems - Return unknown
402,314965,Pedro Pereira,Right-Back,1998-01-22,27,['Portugal'],185.0,right,2022-07-01,SL Benfica,2025-06-30,1800000.0,
403,891869,Leonardo Colombo,Defensive Midfield,2005-06-04,19,['Italy'],175.0,right,2024-11-20,Monza Primavera,2027-06-30,250000.0,
404,332179,Matteo Pessina,Central Midfield,1997-04-21,27,['Italy'],187.0,left,2023-07-01,Atalanta BC,2027-06-30,12000000.0,Team captain
405,699442,Kacper Urbanski,Central Midfield,2004-09-07,20,['Poland'],183.0,right,2025-01-25,Bologna FC 1909,2025-06-30,7000000.0,
406,303116,Gaetano Castrovilli,Central Midfield,1997-02-17,28,['Italy'],187.0,right,2025-01-31,SS Lazio,2025-06-30,5000000.0,
407,602124,Alessandro Bianco,Central Midfield,2002-10-01,22,['Italy'],173.0,right,2024-08-30,ACF Fiorentina,2025-06-30,5000000.0,
408,883349,Kevin Zeroli,Central Midfield,2005-01-11,20,"['Italy', 'Nigeria']",187.0,right,2025-02-03,AC Milan,2025-06-30,3500000.0,
409,197471,Roberto Gagliardini,Central Midfield,1994-04-07,30,['Italy'],188.0,right,2023-07-07,Inter Milan,2025-06-30,2000000.0,"surgery - Return expected on Mar 1, 2025"
410,216179,Stefano Sensi,Central Midfield,1995-08-05,29,['Italy'],168.0,right,2024-08-08,Inter Milan,2025-06-30,1500000.0,Hamstring strain - Return unknown
411,170481,Jean-Daniel Akpa Akpro,Central Midfield,1992-10-11,32,"[""Cote d'Ivoire"", 'France']",180.0,right,2025-01-02,SS Lazio,2025-06-30,500000.0,unknown injury - Return unknown
412,255838,Patrick Ciurria,Right Midfield,1995-02-09,30,['Italy'],178.0,both,2021-07-31,: Ablöse €1.70m,2026-06-30,3000000.0,
413,311178,Georgios Kyriakopoulos,Left Midfield,1996-02-05,29,['Greece'],186.0,left,2024-07-01,US Sassuolo,2026-06-30,3500000.0,
414,650966,Samuele Vignato,Attacking Midfield,2004-02-24,20,"['Italy', 'Brazil']",172.0,right,2021-08-11,Chievo Primavera,2025-06-30,3500000.0,
415,238752,Keita Baldé,Left Winger,1995-03-08,29,"['Senegal', 'Spain']",178.0,both,2025-02-13,Without Club,2025-06-30,1000000.0,
416,670845,Omari Forson,Right Winger,2004-07-20,20,"['England', 'Ghana']",179.0,left,2024-07-01,Manchester United,2028-06-30,2000000.0,
417,724069,Kevin Martins,Right Winger,2005-01-31,20,"['Italy', 'Nigeria']",180.0,right,2025-01-02,Monza Primavera,2027-06-30,350000.0,
418,347253,Dany Mota,Second Striker,1998-05-02,26,"['Portugal', 'Luxembourg']",180.0,right,2020-07-01,Juventus U23,2027-06-30,5000000.0,
419,146752,Gianluca Caprari,Second Striker,1993-07-30,31,['Italy'],171.0,right,2023-07-01,Hellas Verona,2026-06-30,2500000.0,
420,312819,Silvere Ganvoula,Centre-Forward,1996-06-29,28,['Congo'],191.0,right,2025-02-02,BSC Young Boys,2026-06-30,2000000.0,
421,199258,Andrea Petagna,Centre-Forward,1995-06-30,29,['Italy'],190.0,left,2023-07-01,: Ablöse €10.00m,2027-06-30,2000000.0,
422,495722,Devis Vásquez,Goalkeeper,1998-05-12,26,['Colombia'],195.0,right,2024-07-18,AC Milan,2025-06-30,4000000.0,
423,935777,Jacopo Seghetti,Goalkeeper,2005-02-17,20,['Italy'],189.0,right,2024-07-01,Empoli Primavera,,1000000.0,
424,85528,Marco Silvestri,Goalkeeper,1991-03-02,33,['Italy'],191.0,right,2025-01-30,UC Sampdoria,2025-06-30,500000.0,
425,451154,Federico Brancolini,Goalkeeper,2001-07-14,23,['Italy'],192.0,right,2024-08-07,US Lecce,2027-06-30,200000.0,
426,906160,Saba Goglichidze,Centre-Back,2004-06-25,20,['Georgia'],192.0,right,2024-01-06,Torpedo Kutaisi,2027-06-30,8000000.0,
427,493702,Mattia Viti,Centre-Back,2002-01-24,23,['Italy'],190.0,left,2024-07-22,OGC Nice,2025-06-30,6500000.0,unknown injury - Return unknown
428,435228,Ardian Ismajli,Centre-Back,1996-09-30,28,"['Albania', 'Kosovo']",187.0,right,2021-08-09,: Ablöse €2.00m,2025-06-30,6000000.0,Thigh problems - Return unknown
429,655456,Saba Sazonov,Centre-Back,2002-02-01,23,"['Georgia', 'Russia']",194.0,right,2024-08-30,Torino FC,2025-06-30,2500000.0,"Cruciate ligament surgery - Return expected on Apr 1, 2025"
430,814446,Luca Marianucci,Centre-Back,2004-07-23,20,['Italy'],,,,,,800000.0,"Red card suspension - until Feb 24, 2025 - Serie A - 2 matchdays"
431,336960,Giuseppe Pezzella,Left-Back,1997-11-29,27,['Italy'],187.0,left,2023-07-31,Parma Calcio 1913,2026-06-30,2500000.0,
432,469211,Liberato Cacace,Left-Back,2000-09-27,24,"['New Zealand', 'Italy']",183.0,left,2022-07-01,Sint-Truidense VV,2026-06-30,2000000.0,
433,309944,Tyronne Ebuehi,Right-Back,1995-12-16,29,"['Nigeria', 'Netherlands']",187.0,right,2022-07-05,SL Benfica B,2025-06-30,1500000.0,"Cruciate ligament tear - Return expected on Mar 1, 2025"
434,335147,Junior Sambia,Right-Back,1996-09-07,28,"['France', 'Central African Republic']",185.0,right,2024-08-30,US Salernitana 1919,2025-06-30,1400000.0,
435,88682,Mattia De Sciglio,Right-Back,1992-10-20,32,['Italy'],183.0,right,2024-08-29,Juventus FC,2025-06-30,1000000.0,
436,197473,Alberto Grassi,Defensive Midfield,1995-03-07,29,['Italy'],183.0,right,2023-07-01,Parma Calcio 1913,2026-06-30,1800000.0,Team captain
437,691482,Jacopo Fazzini,Central Midfield,2003-03-16,21,['Italy'],178.0,right,2022-07-01,Empoli Primavera,2027-06-30,8000000.0,Muscle injury - Return unknown
438,324377,Youssef Maleh,Central Midfield,1998-08-22,26,"['Morocco', 'Italy']",179.0,left,2023-08-31,US Lecce,2025-06-30,4000000.0,
439,387234,Szymon Żurkowski,Central Midfield,1997-09-25,27,['Poland'],185.0,right,2024-01-09,Spezia Calcio,2025-06-30,2500000.0,
440,193867,Liam Henderson,Central Midfield,1996-04-25,28,['Scotland'],183.0,right,2021-08-11,US Lecce,2025-06-30,1400000.0,
441,192638,Nicolas Haas,Central Midfield,1996-01-23,29,['Switzerland'],178.0,right,2021-07-01,Atalanta BC,2025-06-30,700000.0,Cruciate ligament injury - Return unknown
442,433181,Tino Anjorin,Attacking Midfield,2001-11-23,23,"['England', 'Nigeria']",186.0,right,2024-08-29,Chelsea FC,2027-06-03,2500000.0,Thigh problems - Return unknown
443,203842,Viktor Kovalenko,Attacking Midfield,1996-02-14,29,['Ukraine'],182.0,right,2025-02-11,Without Club,2025-06-30,1200000.0,
444,241076,Emmanuel Gyasi,Left Winger,1994-01-11,31,"['Ghana', 'Italy']",181.0,right,2023-07-21,Spezia Calcio,2025-06-30,2000000.0,
445,431811,Ola Solbakken,Right Winger,1998-09-07,26,['Norway'],189.0,left,2024-08-14,AS Roma,2025-06-30,2500000.0,"Shoulder injury - Return expected on Mar 1, 2025"
446,538918,Sebastiano Esposito,Second Striker,2002-07-02,22,['Italy'],183.0,right,2024-07-17,Inter Milan,2025-06-30,7000000.0,
447,337725,Christian Kouamé,Centre-Forward,1997-12-06,27,"[""Cote d'Ivoire"", 'Italy']",185.0,right,2025-02-03,ACF Fiorentina,2025-06-30,7500000.0,
448,487843,Lorenzo Colombo,Centre-Forward,2002-03-08,22,['Italy'],183.0,left,2024-07-31,AC Milan,2025-06-30,6000000.0,
449,364133,Pietro Pellegri,Centre-Forward,2001-03-17,23,['Italy'],189.0,right,2024-08-30,Torino FC,2025-06-30,3000000.0,"Cruciate ligament tear - Return expected on May 15, 2025"
450,241923,Lorenzo Montipò,Goalkeeper,1996-02-20,29,['Italy'],191.0,right,2022-07-01,Benevento Calcio,2026-06-30,3000000.0,
451,818898,Federico Magro,Goalkeeper,2005-01-10,20,['Italy'],190.0,right,2024-08-30,Lazio U20,,300000.0,
452,240675,Simone Perilli,Goalkeeper,1995-01-07,30,['Italy'],196.0,right,2022-08-03,Brescia Calcio,,200000.0,
453,127217,Alessandro Berardi,Goalkeeper,1991-01-16,34,['Italy'],185.0,right,2018-12-14,Without Club,2025-06-30,50000.0,
454,660860,Diego Coppola,Centre-Back,2003-12-28,21,"['Italy', 'Netherlands']",193.0,right,2022-01-01,Hellas Verona Primavera,2027-06-30,7500000.0,
455,860992,Nicolás Valentini,Centre-Back,2001-04-06,23,"['Argentina', 'Italy']",187.0,left,2025-02-03,ACF Fiorentina,2025-06-30,4500000.0,
456,322655,Flavius Daniliuc,Centre-Back,2001-04-27,23,['Austria'],188.0,right,2024-08-30,US Salernitana 1919,2025-06-30,4000000.0,
457,248732,Paweł Dawidowicz,Centre-Back,1995-05-20,29,['Poland'],189.0,both,2019-07-01,SL Benfica,2025-06-30,2500000.0,
458,851385,Tobias Slotsager,Centre-Back,2006-01-01,19,['Denmark'],190.0,right,2025-02-03,Odense Boldklub,,2000000.0,
459,701819,Daniele Ghilardi,Centre-Back,2003-01-06,22,['Italy'],189.0,right,2022-07-16,ACF Fiorentina,,1600000.0,
460,745202,Yllan Okou,Centre-Back,2002-12-23,22,"['France', ""Cote d'Ivoire""]",189.0,left,2024-07-29,SC Bastia,2025-06-30,900000.0,
461,357796,Domagoj Bradarić,Left-Back,1999-12-10,25,['Croatia'],178.0,left,2024-08-30,US Salernitana 1919,2025-06-30,4000000.0,"Yellow card suspension - until Feb 24, 2025 - Serie A - 1 matchday"
462,488785,Martin Frese,Left-Back,1998-01-04,27,['Denmark'],179.0,left,2024-07-10,FC Nordsjaelland,2027-06-30,2000000.0,"Arthroscopy - Return expected on Mar 1, 2025"
463,848509,Jackson Tchatchoua,Right-Back,2001-09-14,23,"['Cameroon', 'Belgium']",180.0,right,2024-07-01,R Charleroi SC,2027-06-30,8000000.0,
464,73926,Davide Faraoni,Right-Back,1991-10-25,33,['Italy'],180.0,right,2019-07-01,FC Crotone,2025-06-30,1000000.0,
465,586984,Daniel Oyegoke,Right-Back,2003-01-03,22,"['England', 'Nigeria']",188.0,right,2025-01-28,Heart of Midlothian FC,2028-06-30,400000.0,
466,644032,Cheikh Niasse,Defensive Midfield,2000-01-19,25,"['Senegal', 'France']",188.0,right,2025-01-31,BSC Young Boys,2025-06-30,1500000.0,
467,261905,Suat Serdar,Central Midfield,1997-04-11,27,"['Germany', 'Türkiye']",184.0,right,2024-07-01,Hertha BSC,2028-06-30,5000000.0,"Muscle injury - Return expected on Mar 31, 2025"
468,232418,Ondrej Duda,Central Midfield,1994-12-05,30,['Slovakia'],180.0,right,2023-07-01,1.FC Köln,2025-06-30,4000000.0,
469,395512,Antoine Bernede,Central Midfield,1999-05-26,25,"['France', 'Cameroon']",178.0,right,2025-02-03,FC Lausanne-Sport,2025-06-30,3500000.0,
470,416386,Abdou Harroui,Central Midfield,1998-01-13,27,"['Morocco', 'Netherlands']",182.0,both,2024-07-09,Frosinone Calcio,2028-06-30,2500000.0,"Cruciate ligament tear - Return expected on Jun 1, 2025"
471,70411,Darko Lazović,Left Midfield,1990-09-15,34,['Serbia'],181.0,right,2019-08-06,: Ablöse free transfer,2025-06-30,1500000.0,Team captain
472,540333,Tomas Suslov,Attacking Midfield,2002-06-07,22,['Slovakia'],174.0,left,2024-01-31,FC Groningen,2027-06-30,6000000.0,
473,298635,Grigoris Kastanos,Attacking Midfield,1998-01-30,27,['Cyprus'],179.0,left,2024-07-30,US Salernitana 1919,2025-06-30,1800000.0,
474,964087,Alphadjo Cissè,Attacking Midfield,2006-10-22,18,"['Italy', 'Guinea']",,,2024-07-01,Hellas Verona Primavera,,1400000.0,
475,464598,Casper Tengstedt,Centre-Forward,2000-06-01,24,['Denmark'],184.0,right,2024-08-09,SL Benfica,2025-06-30,7000000.0,"Ankle sprain - Return expected on Feb 28, 2025"
476,748382,Amin Sarr,Centre-Forward,2001-03-11,23,"['Sweden', 'Senegal']",188.0,right,2024-08-27,Olympique Lyon,2025-06-30,4000000.0,
477,651569,Daniel Mosquera,Centre-Forward,1999-10-20,25,['Colombia'],180.0,right,2024-07-04,CD América de Cali,2028-06-30,1500000.0,
478,676411,Dailon Rocha Livramento,Centre-Forward,2001-05-04,23,"['Cape Verde', 'Netherlands']",185.0,right,2024-07-24,MVV Maastricht,2028-06-30,800000.0,
479,979766,Mathis Lambourde,Centre-Forward,2006-01-09,19,"['France', 'Guadeloupe']",179.0,left,2024-08-30,Stade Rennais FC,2029-06-30,500000.0,
480,1111820,Junior Ajayi,Centre-Forward,2004-10-11,20,"[""Cote d'Ivoire""]",185.0,right,2024-07-01,Sassuolo Primavera,,150000.0,
481,421873,Elia Caprile,Goalkeeper,2001-08-25,23,['Italy'],191.0,right,2025-01-07,SSC Napoli,2025-06-30,6000000.0,
482,304144,Alen Sherri,Goalkeeper,1997-12-15,27,['Albania'],197.0,right,2024-07-24,KF Egnatia,2027-06-30,1000000.0,
483,535740,Giuseppe Ciocci,Goalkeeper,2002-01-24,23,['Italy'],193.0,right,2021-07-01,Cagliari Primavera,2027-06-30,100000.0,Shoulder injury - Return unknown
484,278531,Sebastiano Luperto,Centre-Back,1996-09-06,28,['Italy'],191.0,left,2024-07-08,FC Empoli,2028-06-30,3500000.0,
485,289446,Yerry Mina,Centre-Back,1994-09-23,30,['Colombia'],195.0,right,2024-02-01,ACF Fiorentina,2025-06-30,3000000.0,
486,568333,Adam Obert,Centre-Back,2002-08-23,22,['Slovakia'],188.0,left,2021-07-01,Sampdoria Primavera,2029-06-30,3000000.0,
487,125020,José Luis Palomino,Centre-Back,1990-01-05,35,"['Argentina', 'Bulgaria']",188.0,left,2024-08-12,Atalanta BC,2025-06-30,700000.0,
488,284595,Tommaso Augello,Left-Back,1994-08-30,30,['Italy'],180.0,left,2023-07-18,UC Sampdoria,2025-06-30,1800000.0,
489,392569,Gabriele Zappa,Right-Back,1999-12-22,25,['Italy'],187.0,right,2021-07-01,: Ablöse €3.20m,2030-06-30,3500000.0,
490,876298,Matteo Prati,Defensive Midfield,2003-12-28,21,['Italy'],185.0,right,2023-08-17,SPAL,2028-06-30,9000000.0,
491,295183,Răzvan Marin,Defensive Midfield,1996-05-23,28,['Romania'],178.0,right,2021-07-01,: Ablöse €10.00m,2025-06-30,4000000.0,
492,460651,Antoine Makoumbou,Defensive Midfield,1998-07-18,26,"['Congo', 'France']",187.0,right,2022-07-15,NK Maribor,2026-06-30,4000000.0,
493,235931,Alessandro Deiola,Central Midfield,1995-08-01,29,['Italy'],190.0,right,2014-07-01,Cagliari Primavera,2025-06-30,1600000.0,
494,564305,Michel Adopo,Central Midfield,2000-07-19,24,"['France', ""Cote d'Ivoire""]",187.0,right,2024-07-17,Atalanta BC,2025-06-30,1500000.0,
495,392966,Nadir Zortea,Right Midfield,1999-06-19,25,['Italy'],187.0,right,2024-07-17,Atalanta BC,2028-06-30,3000000.0,
496,319160,Jakub Jankto,Left Midfield,1996-01-19,29,['Czech Republic'],184.0,left,2023-07-15,Getafe CF,2025-06-30,1000000.0,
497,358008,Gianluca Gaetano,Attacking Midfield,2000-05-05,24,['Italy'],183.0,right,2024-08-30,SSC Napoli,2025-06-30,5000000.0,Bruised knee - Return unknown
498,85393,Nicolas Viola,Attacking Midfield,1989-10-12,35,['Italy'],180.0,left,2022-07-02,Bologna FC 1909,2025-06-30,800000.0,
499,340982,Florinel Coman,Left Winger,1998-04-10,26,['Romania'],182.0,right,2025-02-03,Al-Gharafa SC,2025-06-30,6000000.0,
500,600041,Mattia Felici,Left Winger,2001-04-17,23,['Italy'],182.0,right,2024-07-10,Feralpisalò,2027-06-30,1500000.0,
501,666547,Zito Luvumbo,Centre-Forward,2002-03-09,22,['Angola'],171.0,left,2022-07-01,Cagliari Primavera,2028-06-30,7000000.0,
502,432092,Roberto Piccoli,Centre-Forward,2001-01-27,24,['Italy'],190.0,right,2024-07-17,Atalanta BC,2025-06-30,6000000.0,
503,1111663,Kingstone Mutandwa,Centre-Forward,2003-01-05,22,['Zambia'],180.0,right,2024-07-01,Cagliari Primavera,2028-06-30,1000000.0,
504,64793,Leonardo Pavoletti,Centre-Forward,1988-11-26,36,['Italy'],188.0,right,2017-08-30,: Ablöse €9.80m,2026-06-30,700000.0,Team captain
505,238537,Wladimiro Falcone,Goalkeeper,1995-04-12,29,['Italy'],195.0,right,2023-07-27,UC Sampdoria,2028-06-30,4000000.0,
506,336307,Christian Früchtl,Goalkeeper,2000-01-28,25,['Germany'],193.0,left,2024-07-01,Austria Vienna,2027-06-30,1500000.0,
507,712911,Jasper Samooja,Goalkeeper,2003-07-21,21,['Finland'],193.0,right,2022-07-01,FC Honka II,2026-06-30,75000.0,
508,351955,Federico Baschirotto,Centre-Back,1996-09-20,28,['Italy'],187.0,right,2022-07-12,Ascoli Calcio,2026-06-30,5000000.0,Team captain
509,836441,Kialonda Gaspar,Centre-Back,1997-09-27,27,['Angola'],193.0,right,2024-07-01,CF Estrela Amadora,2027-06-30,2500000.0,
510,805886,Gaby Jean,Centre-Back,2000-02-19,25,['France'],191.0,left,2024-08-26,FC Annecy,2027-06-30,1000000.0,
511,1112449,Tiago Gabriel,Centre-Back,2004-12-26,20,['Portugal'],194.0,right,2025-01-28,CF Estrela Amadora,2027-06-30,400000.0,
512,1118086,Sebastian Esposito,Centre-Back,2005-04-21,19,"['Australia', 'Italy']",191.0,right,2024-07-01,Lecce Primavera,,200000.0,Called up to national team -  - A-League Men
513,1105124,Elijah Scott,Centre-Back,2006-02-03,19,"['Germany', 'United States']",,right,2025-02-01,VfB Stuttgart U19,2027-06-30,,
514,392516,Antonino Gallo,Left-Back,2000-01-05,25,['Italy'],183.0,left,2019-07-25,: Ablöse free transfer,2026-06-30,5500000.0,
515,392570,Marco Sala,Left-Back,1999-06-04,25,['Italy'],182.0,left,2025-02-03,Como 1907,2025-06-30,1000000.0,
516,1017950,Vernon Addo,Left-Back,2005-05-24,19,"['Netherlands', 'Ghana']",188.0,left,2024-07-01,Lecce Primavera,2027-06-30,150000.0,
517,354352,Frédéric Guilbert,Right-Back,1994-12-24,30,['France'],178.0,right,2024-08-27,RC Strasbourg Alsace,2026-06-30,2500000.0,
518,728485,Danilo Veiga,Right-Back,2002-09-25,22,"['Portugal', 'Brazil']",183.0,right,2025-01-28,CF Estrela Amadora,2027-06-30,1000000.0,
519,442703,Ylber Ramadani,Defensive Midfield,1996-04-12,28,"['Albania', 'Kosovo']",185.0,right,2023-08-04,Aberdeen FC,2026-06-30,4000000.0,
520,642002,Balthazar Pierret,Defensive Midfield,2000-05-15,24,['France'],186.0,left,2024-07-01,Quevilly - Rouen Métropole,2027-06-30,1000000.0,
521,911328,Mohamed Kaba,Central Midfield,2001-10-27,23,"['France', 'Guinea']",185.0,right,2023-08-14,Valenciennes FC,2027-06-30,3500000.0,
522,386552,Lassana Coulibaly,Central Midfield,1996-04-10,28,['Mali'],183.0,right,2024-08-14,US Salernitana 1919,2027-06-30,2500000.0,
523,692209,Joan González,Central Midfield,2002-02-01,23,['Spain'],190.0,right,2022-07-01,Lecce Primavera,2027-06-30,2000000.0,heart problems - Return unknown
524,418571,Hamza Rafia,Central Midfield,1999-04-02,25,"['Tunisia', 'France']",181.0,right,2023-07-18,Delfino Pescara 1936,2026-06-30,1700000.0,
525,583046,Medon Berisha,Central Midfield,2003-10-21,21,"['Albania', 'Kosovo']",186.0,right,2022-07-01,Lecce Primavera,2028-06-30,1000000.0,
526,488996,Thórir Jóhann Helgason,Central Midfield,2000-09-28,24,['Iceland'],187.0,right,2021-07-15,FH Hafnarfjördur,2025-06-30,800000.0,unknown injury - Return unknown
527,555106,Filip Marchwinski,Attacking Midfield,2002-01-10,23,['Poland'],187.0,both,2024-07-26,Lech Poznan,2028-06-30,4500000.0,"Cruciate ligament tear - Return expected on Aug 31, 2025"
528,545538,Lameck Banda,Left Winger,2001-01-29,24,['Zambia'],169.0,right,2022-08-04,Maccabi Petah Tikva,2026-06-30,6000000.0,"Broken ankle - Return expected on Feb 24, 2025"
529,367992,Jesper Karlsson,Left Winger,1998-07-25,26,['Sweden'],179.0,right,2025-01-04,Bologna FC 1909,2025-06-30,6000000.0,
530,339816,Tete Morente,Left Winger,1996-12-04,28,['Spain'],184.0,right,2024-07-01,Elche CF,2027-06-30,2000000.0,
531,187587,Ante Rebić,Left Winger,1993-09-21,31,['Croatia'],185.0,right,2024-08-26,Besiktas JK,2025-06-30,1500000.0,
532,82048,Nicola Sansone,Left Winger,1991-09-10,33,"['Italy', 'Germany']",174.0,right,2023-09-11,Without Club,2025-06-30,800000.0,
533,674806,Santiago Pierotti,Right Winger,2001-04-03,23,"['Argentina', 'Italy']",189.0,right,2024-01-16,CA Colón,2027-06-30,2500000.0,
534,649490,Konan N’Dri,Right Winger,2000-10-27,24,"[""Cote d'Ivoire""]",174.0,left,2025-02-02,Oud-Heverlee Leuven,2027-06-30,1500000.0,
535,709985,Jeppe Corfitzen,Right Winger,2004-12-29,20,['Denmark'],179.0,left,2023-07-01,Lecce Primavera,2025-06-30,400000.0,"Cruciate ligament tear - Return expected on Feb 28, 2025"
536,434433,Nikola Krstović,Centre-Forward,2000-04-05,24,"['Montenegro', 'Serbia']",185.0,right,2023-08-18,DAC Dunajska Streda,2027-06-30,6000000.0,
537,731525,Rareș Burnete,Centre-Forward,2004-01-31,21,['Romania'],185.0,right,2023-07-01,Lecce Primavera,2029-06-30,700000.0,
538,647534,Joel Voelkerling Persson,Centre-Forward,2003-01-15,22,['Sweden'],194.0,right,2022-07-13,Roma U19,2027-06-30,350000.0,
539,552223,Filip Stankovic,Goalkeeper,2002-02-25,22,['Serbia'],187.0,right,2024-08-12,Inter Milan,2025-06-30,4500000.0,"Partial patellar tendon tear - Return expected on May 4, 2025"
540,303657,Andrei Radu,Goalkeeper,1997-05-28,27,['Romania'],188.0,right,2025-02-03,Inter Milan,2025-06-30,1500000.0,
541,131758,Jesse Joronen,Goalkeeper,1993-03-21,31,['Finland'],197.0,right,2022-07-01,Brescia Calcio,2025-06-30,1000000.0,
542,155038,Matteo Grandi,Goalkeeper,1992-10-12,32,['Italy'],190.0,right,2023-07-13,Sangiuliano City,2025-06-30,150000.0,
543,546926,Jay Idzes,Centre-Back,2000-06-02,24,"['Indonesia', 'Netherlands']",190.0,right,2023-07-01,Go Ahead Eagles,2027-06-30,3000000.0,
544,438961,Michael Svoboda,Centre-Back,1998-10-15,26,['Austria'],195.0,right,2020-09-01,: Ablöse free transfer,2026-06-30,3000000.0,"Cruciate ligament tear - Return expected on Jun 14, 2025"
545,818448,Alessandro Marcandalli,Centre-Back,2002-10-25,22,"['Italy', 'Nigeria']",190.0,right,2025-01-29,Genoa CFC,2025-06-30,2000000.0,
546,707809,Joël Schingtienne,Centre-Back,2002-08-14,22,"['Belgium', 'DR Congo']",188.0,right,2024-08-28,Oud-Heverlee Leuven,2029-06-30,2000000.0,
547,520530,Fali Candé,Centre-Back,1998-01-24,27,"['Guinea-Bissau', 'Portugal']",184.0,left,2025-01-22,FC Metz,2025-06-30,1500000.0,
548,282169,Marin Šverko,Centre-Back,1998-02-04,27,"['Croatia', 'Germany']",187.0,left,2023-07-07,FC Groningen,2026-06-30,1200000.0,
549,228444,Ridgeciano Haps,Left-Back,1993-06-12,31,"['Suriname', 'Netherlands']",175.0,left,2021-08-31,: Ablöse €500k,2026-06-30,1000000.0,
550,731491,Franco Carboni,Left-Back,2003-04-04,21,"['Argentina', 'Italy']",190.0,left,2024-08-30,Inter Milan,2025-06-30,900000.0,
551,655009,Richie Sagrado,Right-Back,2004-01-30,21,['Belgium'],182.0,right,2024-08-03,Oud-Heverlee Leuven,2028-06-30,2000000.0,"muscular problems - Return expected on Feb 28, 2025"
552,216872,Francesco Zampano,Right-Back,1993-09-30,31,['Italy'],177.0,right,2022-07-01,Frosinone Calcio,2025-06-30,1100000.0,
553,698560,Cheick Condé,Defensive Midfield,2000-07-26,24,['Guinea'],185.0,right,2025-01-08,FC Zürich,2027-06-30,3000000.0,
554,504209,Gianluca Busio,Central Midfield,2002-05-28,22,"['United States', 'Italy']",172.0,right,2021-08-09,Sporting Kansas City,2026-06-30,6500000.0,
555,430280,Hans Nicolussi Caviglia,Central Midfield,2000-06-18,24,['Italy'],184.0,right,2024-08-22,Juventus FC,2025-06-30,6000000.0,
556,527698,Kike Pérez,Central Midfield,1997-02-14,28,['Spain'],184.0,left,2025-01-29,Real Valladolid CF,2027-06-30,2800000.0,
557,566615,Mikael Egill Ellertsson,Central Midfield,2002-03-11,22,['Iceland'],182.0,left,2025-01-31,Genoa CFC,2025-06-30,2800000.0,
558,184894,Alfred Duncan,Central Midfield,1993-03-10,31,"['Ghana', 'Italy']",178.0,left,2024-07-26,ACF Fiorentina,2026-06-30,2500000.0,
559,924349,Issa Doumbia,Central Midfield,2003-10-16,21,"['Italy', ""Cote d'Ivoire""]",187.0,right,2024-07-01,UC AlbinoLeffe,2029-06-30,1000000.0,
560,216599,Domen Crnigoj,Central Midfield,1995-11-18,29,['Slovenia'],188.0,right,2020-09-01,: Ablöse free transfer,2026-06-30,900000.0,
561,566613,Bjarki Bjarkason,Left Midfield,2000-05-11,24,['Iceland'],180.0,right,2020-09-01,ÍA Akranes,2027-06-30,800000.0,
562,613393,Gaetano Oristanio,Attacking Midfield,2002-09-28,22,['Italy'],174.0,left,2024-07-13,Inter Milan,2029-06-30,6500000.0,
563,439914,John Yeboah,Attacking Midfield,2000-06-23,24,"['Ecuador', 'Germany']",170.0,left,2024-08-30,Raków Częstochowa,2028-06-30,2500000.0,
564,936684,Saad El Haddad,Attacking Midfield,2005-07-24,19,"['Morocco', 'Italy']",175.0,right,2024-07-01,Venezia Primavera,2027-06-30,250000.0,
565,433584,Alessio Zerbin,Left Winger,1999-03-03,25,['Italy'],182.0,right,2025-01-18,SSC Napoli,2025-06-30,3500000.0,
566,666268,Daniel Fila,Centre-Forward,2002-08-21,22,['Czech Republic'],190.0,left,2025-02-03,SK Slavia Prague,2029-06-30,1200000.0,
567,76274,Christian Gytkjaer,Centre-Forward,1990-05-06,34,['Denmark'],185.0,right,2023-07-20,AC Monza,2025-06-30,700000.0,
568,215649,Mirko Marić,Centre-Forward,1995-05-16,29,"['Croatia', 'Bosnia-Herzegovina']",188.0,left,2025-02-03,AC Monza,2025-06-30,700000.0,
