Player,Nation,Pos,Squad,Age,Born,MP,Starts,Min,90s,Gls,Ast,G+A,G-PK,PK,PKatt,CrdY,CrdR,xG,npxG,xAG,npxG+xAG,PrgC,PrgP,PrgR,Gls,Ast,G+A,G-PK,G+A-PK,xG,xAG,xG+xAG,npxG,npxG+xAG,Matches
Brenden Aaronson,us USA,"MF,FW",Union Berlin,22,2000,30,14,"1,267",14.1,2,2,4,2,0,0,3,1,2.0,2.0,1.9,3.8,37,56,91,0.14,0.14,0.28,0.14,0.28,0.14,0.13,0.27,0.14,0.27,Matches
Paxten Aaronson,us USA,MF,Eint Frankfurt,19,2003,7,1,101,1.1,0,1,1,0,0,0,0,0,0.1,0.1,0.1,0.2,2,5,7,0.00,0.89,0.89,0.00,0.89,0.11,0.07,0.19,0.11,0.19,Matches
Junior Adamu,at AUT,"FW,MF",Freiburg,22,2001,15,0,105,1.2,0,0,0,0,0,0,0,0,0.1,0.1,0.1,0.2,1,1,5,0.00,0.00,0.00,0.00,0.00,0.05,0.10,0.16,0.05,0.16,Matches
Sargis Adamyan,am ARM,"FW,MF",Köln,30,1993,20,8,801,8.9,1,2,3,1,0,0,2,0,4.1,4.1,2.0,6.1,15,18,42,0.11,0.22,0.34,0.11,0.34,0.46,0.23,0.69,0.46,0.69,Matches
Karim Adeyemi,de GER,"FW,MF",Dortmund,21,2002,21,10,913,10.1,3,1,4,3,0,0,6,1,3.5,3.5,2.0,5.5,52,26,96,0.30,0.10,0.39,0.30,0.39,0.34,0.20,0.54,0.34,0.54,Matches
Amine Adli,ma MAR,"MF,FW",Leverkusen,23,2000,23,8,898,10.0,4,6,10,4,0,0,5,0,3.3,3.3,2.3,5.6,32,39,131,0.40,0.60,1.00,0.40,1.00,0.33,0.23,0.56,0.33,0.56,Matches
Felix Agu,de GER,"DF,MF",Werder Bremen,23,1999,24,19,"1,614",17.9,0,0,0,0,0,0,2,0,0.9,0.9,0.6,1.5,32,32,90,0.00,0.00,0.00,0.00,0.00,0.05,0.04,0.08,0.05,0.08,Matches
Ludovic Ajorque,fr FRA,FW,Mainz 05,29,1994,26,15,"1,360",15.1,2,0,2,2,0,2,4,0,5.3,3.7,1.0,4.7,5,21,88,0.13,0.00,0.13,0.13,0.13,0.35,0.06,0.41,0.25,0.31,Matches
Kevin Akpoguma,ng NGA,DF,Hoffenheim,28,1995,17,11,"1,097",12.2,0,0,0,0,0,0,7,0,0.3,0.3,0.3,0.6,10,55,9,0.00,0.00,0.00,0.00,0.00,0.02,0.02,0.05,0.02,0.05,Matches
Faride Alidou,de GER,"FW,MF",Köln,22,2001,26,14,"1,282",14.2,4,0,4,4,0,0,4,0,3.0,3.0,0.6,3.6,51,33,95,0.28,0.00,0.28,0.28,0.28,0.21,0.04,0.26,0.21,0.26,Matches
Skelly Alvero,fr FRA,MF,Werder Bremen,21,2002,6,1,123,1.4,1,0,1,1,0,0,1,0,0.3,0.3,0.0,0.4,1,9,6,0.73,0.00,0.73,0.73,0.73,0.24,0.03,0.27,0.24,0.27,Matches
Nadiem Amiri,de GER,MF,Mainz 05,26,1996,15,15,"1,315",14.6,1,4,5,1,0,1,5,0,2.2,1.4,4.3,5.7,16,88,22,0.07,0.27,0.34,0.07,0.34,0.15,0.30,0.45,0.10,0.39,Matches
Nadiem Amiri,de GER,MF,Leverkusen,26,1996,8,1,86,1.0,0,0,0,0,0,0,0,0,0.1,0.1,0.0,0.2,5,6,6,0.00,0.00,0.00,0.00,0.00,0.13,0.03,0.16,0.13,0.16,Matches
Kofi Amoako,de GER,MF,Wolfsburg,18,2005,2,0,2,0.0,0,0,0,0,0,0,0,0,0.0,0.0,0.0,0.0,0,0,0,0.00,0.00,0.00,0.00,0.00,0.00,0.00,0.00,0.00,0.00,Matches
Robert Andrich,de GER,"MF,DF",Leverkusen,28,1994,28,18,"1,690",18.8,4,2,6,4,0,0,4,0,1.7,1.7,1.8,3.5,20,97,14,0.21,0.11,0.32,0.21,0.32,0.09,0.10,0.19,0.09,0.19,Matches
Waldemar Anton,de GER,DF,Stuttgart,27,1996,33,32,"2,886",32.1,0,3,3,0,0,0,7,0,1.7,1.7,1.0,2.7,38,172,15,0.00,0.09,0.09,0.00,0.09,0.05,0.03,0.09,0.05,0.09,Matches
Christopher Antwi-Adjei,gh GHA,"FW,MF",Bochum,29,1994,25,11,"1,216",13.5,2,2,4,2,0,0,5,0,2.2,2.2,3.5,5.7,50,28,138,0.15,0.15,0.30,0.15,0.30,0.16,0.26,0.42,0.16,0.42,Matches
Asaf Arania,il ISR,MF,Darmstadt 98,17,2005,1,0,6,0.1,0,0,0,0,0,0,0,0,0.0,0.0,0.0,0.0,0,0,2,0.00,0.00,0.00,0.00,0.00,0.00,0.00,0.00,0.00,0.00,Matches
Maximilian Arnold,de GER,MF,Wolfsburg,29,1994,30,27,"2,506",27.8,2,1,3,2,0,0,9,0,1.0,1.0,3.9,4.9,20,143,19,0.07,0.04,0.11,0.07,0.11,0.04,0.14,0.18,0.04,0.18,Matches
Arthur,br BRA,DF,Leverkusen,20,2003,4,2,184,2.0,0,2,2,0,0,0,0,0,0.1,0.1,0.3,0.4,8,7,28,0.00,0.98,0.98,0.00,0.98,0.04,0.15,0.19,0.04,0.19,Matches
Takuma Asano,jp JPN,"FW,MF",Bochum,28,1994,29,26,"1,986",22.1,6,1,7,6,0,0,2,0,7.9,7.9,1.3,9.2,56,32,167,0.27,0.05,0.32,0.27,0.32,0.36,0.06,0.42,0.36,0.42,Matches
Jonathan Asp Jensen,dk DEN,FW,Bayern Munich,17,2006,1,0,1,0.0,0,0,0,0,0,0,0,0,0.0,0.0,0.0,0.0,0,0,0,0.00,0.00,0.00,0.00,0.00,0.00,0.00,0.00,0.00,0.00,Matches
Noah Atubolu,de GER,GK,Freiburg,21,2002,34,34,"3,060",34.0,0,0,0,0,0,0,0,0,0.0,0.0,0.0,0.0,0,1,0,0.00,0.00,0.00,0.00,0.00,0.00,0.00,0.00,0.00,0.00,Matches
Matthias Bader,de GER,"DF,MF",Darmstadt 98,26,1997,24,21,"1,802",20.0,1,2,3,1,0,0,1,0,0.7,0.7,2.3,3.0,38,67,66,0.05,0.10,0.15,0.05,0.15,0.04,0.12,0.15,0.04,0.15,Matches
Ridle Baku,de GER,"DF,MF",Wolfsburg,25,1998,33,22,"2,013",22.4,1,0,1,1,0,0,4,0,1.8,1.8,3.0,4.8,37,85,130,0.04,0.00,0.04,0.04,0.04,0.08,0.13,0.21,0.08,0.21,Matches
Samuel Bamba,de GER,FW,Dortmund,19,2004,2,0,47,0.5,0,0,0,0,0,0,0,0,0.3,0.3,0.1,0.3,5,2,7,0.00,0.00,0.00,0.00,0.00,0.51,0.15,0.67,0.51,0.67,Matches
Aymen Barkok,ma MAR,"MF,FW",Mainz 05,25,1998,13,1,321,3.6,1,0,1,1,0,1,2,0,1.7,0.9,0.3,1.2,14,16,33,0.28,0.00,0.28,0.28,0.28,0.48,0.07,0.55,0.26,0.33,Matches
Leandro Barreiro Martins,lu LUX,MF,Mainz 05,23,2000,31,29,"2,606",29.0,4,1,5,4,0,0,8,0,4.5,4.5,1.1,5.6,22,93,46,0.14,0.03,0.17,0.14,0.17,0.16,0.04,0.19,0.16,0.19,Matches
Daniel Batz,de GER,GK,Mainz 05,32,1991,4,4,360,4.0,0,0,0,0,0,0,0,0,0.0,0.0,0.0,0.0,0,0,0,0.00,0.00,0.00,0.00,0.00,0.00,0.00,0.00,0.00,0.00,Matches
Maximilian Bauer,de GER,DF,Augsburg,23,2000,14,9,810,9.0,1,0,1,1,0,0,3,0,1.4,1.4,0.0,1.4,2,25,1,0.11,0.00,0.11,0.11,0.11,0.15,0.00,0.15,0.15,0.15,Matches
Elias Baum,de GER,"DF,MF",Eint Frankfurt,17,2005,4,0,28,0.3,0,0,0,0,0,0,0,0,0.0,0.0,0.0,0.0,0,0,2,0.00,0.00,0.00,0.00,0.00,0.00,0.00,0.00,0.00,0.00,Matches
Oliver Baumann,de GER,GK,Hoffenheim,33,1990,34,34,"3,060",34.0,0,1,1,0,0,0,1,0,0.0,0.0,0.2,0.2,0,1,0,0.00,0.03,0.03,0.00,0.03,0.00,0.01,0.01,0.00,0.01,Matches
Christoph Baumgartner,at AUT,"MF,FW",RB Leipzig,23,1999,32,11,"1,158",12.9,5,1,6,5,0,0,3,0,3.7,3.7,1.6,5.2,36,47,86,0.39,0.08,0.47,0.39,0.47,0.28,0.12,0.41,0.28,0.41,Matches
Ihlas Bebou,tg TOG,"FW,DF",Hoffenheim,29,1994,32,16,"1,636",18.2,7,5,12,7,0,0,3,0,4.9,4.9,2.6,7.5,42,38,145,0.39,0.28,0.66,0.39,0.66,0.27,0.14,0.41,0.27,0.41,Matches
Adrian Beck,de GER,"MF,FW",Heidenheim,26,1997,23,11,974,10.8,1,1,2,1,0,0,1,0,1.7,1.7,0.8,2.5,17,29,43,0.09,0.09,0.18,0.09,0.18,0.16,0.07,0.23,0.16,0.23,Matches
Sheraldo Becker,sr SUR,"FW,MF",Union Berlin,28,1995,11,7,645,7.2,0,1,1,0,0,0,0,0,0.8,0.8,1.8,2.6,32,20,73,0.00,0.14,0.14,0.00,0.14,0.12,0.25,0.37,0.12,0.37,Matches
Chris Bedia,ci CIV,"FW,MF",Union Berlin,27,1996,7,0,145,1.6,1,0,1,1,0,0,0,0,0.2,0.2,0.2,0.4,1,1,6,0.62,0.00,0.62,0.62,0.62,0.13,0.11,0.24,0.13,0.24,Matches
Donny van de Beek,nl NED,"MF,FW",Eint Frankfurt,26,1997,8,4,357,4.0,0,0,0,0,0,0,1,0,0.1,0.1,0.4,0.5,2,10,12,0.00,0.00,0.00,0.00,0.00,0.02,0.09,0.12,0.02,0.12,Matches
Kevin Behrens,de GER,FW,Wolfsburg,32,1991,13,7,616,6.8,1,1,2,1,0,0,1,0,1.6,1.6,0.9,2.5,7,17,41,0.15,0.15,0.29,0.15,0.29,0.23,0.13,0.36,0.23,0.36,Matches
Kevin Behrens,de GER,FW,Union Berlin,32,1991,18,14,"1,262",14.0,4,0,4,4,0,0,3,0,6.0,6.0,0.9,6.9,11,45,93,0.29,0.00,0.29,0.29,0.29,0.43,0.06,0.50,0.43,0.50,Matches
Maximilian Beier,de GER,"FW,MF",Hoffenheim,20,2002,33,29,"2,420",26.9,16,1,17,16,0,0,0,0,11.4,11.4,2.4,13.8,61,30,224,0.60,0.04,0.63,0.60,0.63,0.43,0.09,0.51,0.43,0.51,Matches
Stefan Bell,de GER,DF,Mainz 05,31,1991,10,8,666,7.4,0,0,0,0,0,0,3,0,0.2,0.2,0.1,0.3,0,23,2,0.00,0.00,0.00,0.00,0.00,0.03,0.01,0.04,0.03,0.04,Matches
Ramy Bensebaini,dz ALG,DF,Dortmund,28,1995,17,11,"1,033",11.5,0,0,0,0,0,0,4,1,1.7,1.7,0.4,2.1,17,75,63,0.00,0.00,0.00,0.00,0.00,0.15,0.03,0.18,0.15,0.18,Matches
Mergim Berisha,de GER,FW,Hoffenheim,25,1998,6,0,144,1.6,0,0,0,0,0,0,0,0,0.5,0.5,0.3,0.8,2,3,13,0.00,0.00,0.00,0.00,0.00,0.32,0.19,0.51,0.32,0.51,Matches
Mergim Berisha,de GER,FW,Augsburg,25,1998,2,2,122,1.4,0,0,0,0,0,0,0,0,0.2,0.2,0.1,0.3,3,1,5,0.00,0.00,0.00,0.00,0.00,0.13,0.07,0.20,0.13,0.20,Matches
Bernardo,br BRA,DF,Bochum,28,1995,33,33,"2,924",32.5,1,0,1,1,0,0,9,0,1.9,1.9,0.5,2.4,26,127,38,0.03,0.00,0.03,0.03,0.03,0.06,0.01,0.07,0.06,0.07,Matches
Matúš Bero,sk SVK,"MF,FW",Bochum,27,1995,24,20,"1,661",18.5,1,1,2,1,0,0,6,0,2.9,2.9,1.3,4.2,12,48,71,0.05,0.05,0.11,0.05,0.11,0.16,0.07,0.23,0.16,0.23,Matches
Jan-Niklas Beste,de GER,"FW,MF",Heidenheim,24,1999,31,31,"2,603",28.9,8,11,19,8,0,1,4,0,4.3,3.5,5.7,9.2,80,57,136,0.28,0.38,0.66,0.28,0.66,0.15,0.20,0.35,0.12,0.32,Matches
Pep Biel,es ESP,"MF,FW",Augsburg,26,1996,11,0,285,3.2,0,0,0,0,0,0,1,0,1.0,1.0,0.2,1.2,2,16,16,0.00,0.00,0.00,0.00,0.00,0.32,0.07,0.38,0.32,0.38,Matches
Tom Bischof,de GER,"MF,FW",Hoffenheim,18,2005,13,1,178,2.0,0,2,2,0,0,0,0,0,0.4,0.4,0.8,1.2,2,18,18,0.00,1.01,1.01,0.00,1.01,0.19,0.40,0.59,0.19,0.59,Matches
Leonardo Bittencourt,de GER,MF,Werder Bremen,29,1993,29,19,"1,578",17.5,1,2,3,1,0,0,9,0,2.2,2.2,2.9,5.2,61,85,74,0.06,0.11,0.17,0.06,0.17,0.13,0.17,0.30,0.13,0.30,Matches
Hendry Blank,de GER,DF,Dortmund,18,2004,1,0,45,0.5,0,0,0,0,0,0,0,0,0.0,0.0,0.0,0.0,0,1,0,0.00,0.00,0.00,0.00,0.00,0.00,0.00,0.00,0.00,0.00,Matches
Janis Blaswich,de GER,GK,RB Leipzig,32,1991,21,21,"1,890",21.0,0,0,0,0,0,0,0,0,0.0,0.0,0.1,0.1,0,3,0,0.00,0.00,0.00,0.00,0.00,0.00,0.00,0.00,0.00,0.00,Matches
Sacha Boey,fr FRA,DF,Bayern Munich,22,2000,2,1,109,1.2,0,0,0,0,0,0,1,0,0.2,0.2,0.0,0.2,1,5,8,0.00,0.00,0.00,0.00,0.00,0.20,0.00,0.20,0.20,0.20,Matches
Victor Boniface,ng NGA,FW,Leverkusen,22,2000,23,18,"1,546",17.2,14,8,22,10,4,4,2,0,15.4,12.3,3.7,16.0,50,34,158,0.82,0.47,1.28,0.58,1.05,0.90,0.22,1.12,0.71,0.93,Matches
Leonardo Bonucci,it ITA,DF,Union Berlin,36,1987,7,6,460,5.1,1,0,1,0,1,1,0,0,0.8,0.0,0.3,0.3,0,21,1,0.20,0.00,0.20,0.00,0.00,0.15,0.06,0.22,0.00,0.06,Matches
Yvandro Borges Sanches,lu LUX,"MF,FW",Gladbach,19,2004,3,0,18,0.2,0,0,0,0,0,0,0,0,0.0,0.0,0.0,0.0,1,0,0,0.00,0.00,0.00,0.00,0.00,0.00,0.00,0.00,0.00,0.00,Matches
Sebastiaan Bornauw,be BEL,DF,Wolfsburg,24,1999,20,16,"1,431",15.9,0,0,0,0,0,0,5,0,0.8,0.8,0.4,1.2,2,41,2,0.00,0.00,0.00,0.00,0.00,0.05,0.03,0.07,0.05,0.07,Matches
Rafael Borré,co COL,FW,Werder Bremen,27,1995,19,11,991,11.0,4,0,4,4,0,0,0,0,2.4,2.4,1.8,4.2,16,28,73,0.36,0.00,0.36,0.36,0.36,0.22,0.16,0.38,0.22,0.38,Matches
Julian Brandt,de GER,"MF,FW",Dortmund,27,1996,32,26,"2,223",24.7,7,11,18,7,0,0,2,0,4.4,4.4,9.5,13.8,74,116,158,0.28,0.45,0.73,0.28,0.73,0.18,0.38,0.56,0.18,0.56,Matches
Fabian Bredlow,de GER,GK,Stuttgart,28,1995,4,4,360,4.0,0,0,0,0,0,0,0,0,0.0,0.0,0.0,0.0,0,0,0,0.00,0.00,0.00,0.00,0.00,0.00,0.00,0.00,0.00,0.00,Matches
Tim Breithaupt,de GER,MF,Augsburg,21,2002,16,6,629,7.0,0,0,0,0,0,0,3,0,0.1,0.1,0.1,0.2,0,21,2,0.00,0.00,0.00,0.00,0.00,0.01,0.02,0.03,0.01,0.03,Matches
Maximilian Breunig,de GER,FW,Freiburg,22,2000,2,0,9,0.1,0,0,0,0,0,0,0,0,0.0,0.0,0.0,0.0,0,0,0,0.00,0.00,0.00,0.00,0.00,0.00,0.00,0.00,0.00,0.00,Matches
Bennit Bröger,de GER,FW,Wolfsburg,17,2006,1,0,11,0.1,0,0,0,0,0,0,0,0,0.0,0.0,0.0,0.0,0,0,0,0.00,0.00,0.00,0.00,0.00,0.00,0.00,0.00,0.00,0.00,Matches
John Brooks,us USA,DF,Hoffenheim,30,1993,21,18,"1,539",17.1,2,0,2,2,0,0,6,1,2.6,2.6,0.1,2.7,5,61,1,0.12,0.00,0.12,0.12,0.12,0.15,0.01,0.16,0.15,0.16,Matches
Moritz Broschinski,de GER,FW,Bochum,22,2000,26,14,"1,247",13.9,2,3,5,2,0,0,4,0,2.4,2.4,1.8,4.1,18,10,92,0.14,0.22,0.36,0.14,0.36,0.17,0.13,0.30,0.17,0.30,Matches
Alexander Brunst,de GER,GK,Darmstadt 98,28,1995,3,3,270,3.0,0,0,0,0,0,0,2,0,0.0,0.0,0.0,0.0,0,0,0,0.00,0.00,0.00,0.00,0.00,0.00,0.00,0.00,0.00,0.00,Matches
Marius Bülter,de GER,"DF,FW",Hoffenheim,30,1993,30,15,"1,351",15.0,1,4,5,1,0,0,3,1,1.4,1.4,3.4,4.9,37,60,107,0.07,0.27,0.33,0.07,0.33,0.10,0.23,0.32,0.10,0.32,Matches
Jonathan Burkardt,de GER,"FW,MF",Mainz 05,23,2000,21,18,"1,538",17.1,8,2,10,7,1,1,2,0,6.1,5.3,2.1,7.4,36,28,101,0.47,0.12,0.59,0.41,0.53,0.36,0.12,0.48,0.31,0.43,Matches
Oliver Burke,sct SCO,FW,Werder Bremen,26,1997,1,0,32,0.4,0,0,0,0,0,0,0,0,0.0,0.0,0.0,0.0,2,0,1,0.00,0.00,0.00,0.00,0.00,0.00,0.00,0.00,0.00,0.00,Matches
Marnon Busch,de GER,DF,Heidenheim,28,1994,16,5,595,6.6,0,0,0,0,0,0,1,0,0.1,0.1,0.3,0.4,15,34,27,0.00,0.00,0.00,0.00,0.00,0.02,0.04,0.06,0.02,0.06,Matches
Aurélio Buta,pt POR,"DF,MF",Eint Frankfurt,26,1997,30,20,"1,744",19.4,1,1,2,1,0,0,5,0,0.5,0.5,0.7,1.2,51,90,104,0.05,0.05,0.10,0.05,0.10,0.02,0.04,0.06,0.02,0.06,Matches
Anthony Caci,fr FRA,DF,Mainz 05,26,1997,31,29,"2,486",27.6,2,3,5,2,0,0,8,0,1.5,1.5,2.9,4.4,43,144,75,0.07,0.11,0.18,0.07,0.18,0.06,0.10,0.16,0.06,0.16,Matches
Emre Can,de GER,"MF,DF",Dortmund,29,1994,25,22,"1,953",21.7,2,2,4,0,2,2,5,0,2.2,0.6,1.5,2.0,35,110,18,0.09,0.09,0.18,0.00,0.09,0.10,0.07,0.17,0.03,0.09,Matches
Irvin Cardona,fr FRA,"MF,DF",Augsburg,25,1997,3,0,54,0.6,0,0,0,0,0,0,1,0,0.2,0.2,0.0,0.2,3,2,6,0.00,0.00,0.00,0.00,0.00,0.33,0.00,0.33,0.33,0.33,Matches
Rasmus Carstensen,dk DEN,"DF,FW",Köln,22,2000,23,18,"1,659",18.4,0,0,0,0,0,0,2,1,0.9,0.9,2.6,3.5,32,52,89,0.00,0.00,0.00,0.00,0.00,0.05,0.14,0.19,0.05,0.19,Matches
Fabio Carvalho,pt POR,MF,RB Leipzig,20,2002,9,1,165,1.8,0,0,0,0,0,0,0,0,0.2,0.2,0.2,0.5,8,9,13,0.00,0.00,0.00,0.00,0.00,0.12,0.13,0.25,0.12,0.25,Matches
Koen Casteels,be BEL,GK,Wolfsburg,31,1992,25,25,"2,250",25.0,0,0,0,0,0,0,2,0,0.0,0.0,0.2,0.2,0,1,0,0.00,0.00,0.00,0.00,0.00,0.00,0.01,0.01,0.00,0.01,Matches
Václav Černý,cz CZE,"FW,MF",Wolfsburg,25,1997,22,12,921,10.2,4,1,5,4,0,0,2,0,2.3,2.3,0.9,3.2,26,37,83,0.39,0.10,0.49,0.39,0.49,0.22,0.09,0.31,0.22,0.31,Matches
Julian Chabot,de GER,DF,Köln,25,1998,32,32,"2,703",30.0,0,0,0,0,0,0,9,1,1.4,1.4,0.4,1.8,17,71,8,0.00,0.00,0.00,0.00,0.00,0.05,0.01,0.06,0.05,0.06,Matches
El Chadaille Bitshiabu,fr FRA,"DF,MF",RB Leipzig,18,2005,6,0,34,0.4,0,0,0,0,0,0,0,0,0.0,0.0,0.0,0.0,2,1,5,0.00,0.00,0.00,0.00,0.00,0.00,0.00,0.00,0.00,0.00,Matches
Fares Chaïbi,dz ALG,"MF,FW",Eint Frankfurt,20,2002,28,21,"1,912",21.2,2,4,6,2,0,0,2,0,3.1,3.1,6.8,9.8,53,86,143,0.09,0.19,0.28,0.09,0.28,0.14,0.32,0.46,0.14,0.46,Matches
Timothy Chandler,us USA,"MF,DF",Eint Frankfurt,33,1990,6,0,18,0.2,0,1,1,0,0,0,0,0,0.1,0.1,0.1,0.2,1,5,10,0.00,5.00,5.00,0.00,5.00,0.40,0.69,1.09,0.40,1.09,Matches
Fabio Chiarodia,it ITA,DF,Gladbach,18,2005,7,1,152,1.7,0,0,0,0,0,0,0,0,0.0,0.0,0.1,0.1,0,4,1,0.00,0.00,0.00,0.00,0.00,0.00,0.07,0.07,0.00,0.07,Matches
Jacob Christensen,dk DEN,MF,Köln,22,2001,7,2,219,2.4,0,0,0,0,0,0,1,0,0.0,0.0,0.1,0.1,2,12,1,0.00,0.00,0.00,0.00,0.00,0.01,0.04,0.05,0.01,0.05,Matches
Nnamdi Collins,de GER,DF,Eint Frankfurt,19,2004,2,1,90,1.0,0,0,0,0,0,0,0,0,0.0,0.0,0.0,0.0,1,13,5,0.00,0.00,0.00,0.00,0.00,0.00,0.00,0.00,0.00,0.00,Matches
Kingsley Coman,fr FRA,FW,Bayern Munich,27,1996,17,15,"1,113",12.4,3,3,6,3,0,0,1,0,2.8,2.8,3.8,6.6,75,72,210,0.24,0.24,0.49,0.24,0.49,0.22,0.31,0.53,0.22,0.53,Matches
Bambasé Conté,de GER,"MF,FW",Hoffenheim,20,2003,7,0,48,0.5,0,0,0,0,0,0,0,0,0.2,0.2,0.0,0.2,3,2,8,0.00,0.00,0.00,0.00,0.00,0.34,0.07,0.41,0.34,0.41,Matches
Danny da Costa,de GER,DF,Mainz 05,30,1993,19,9,830,9.2,0,1,1,0,0,0,1,0,0.3,0.3,1.2,1.5,22,40,53,0.00,0.11,0.11,0.00,0.11,0.03,0.13,0.16,0.03,0.16,Matches
Nicolas Cozza,fr FRA,DF,Wolfsburg,24,1999,6,3,276,3.1,0,0,0,0,0,0,1,0,0.0,0.0,0.1,0.1,5,16,8,0.00,0.00,0.00,0.00,0.00,0.01,0.03,0.03,0.01,0.03,Matches
Tomáš Čvančara,cz CZE,FW,Gladbach,22,2000,21,7,896,10.0,4,1,5,3,1,2,4,0,5.9,4.3,0.7,5.0,12,13,47,0.40,0.10,0.50,0.30,0.40,0.59,0.07,0.66,0.43,0.51,Matches
Finn Dahmen,de GER,GK,Augsburg,25,1998,31,31,"2,790",31.0,0,0,0,0,0,0,4,0,0.0,0.0,0.1,0.1,0,3,0,0.00,0.00,0.00,0.00,0.00,0.00,0.00,0.00,0.00,0.00,Matches
Mahmoud Dahoud,de GER,MF,Stuttgart,27,1996,13,1,227,2.5,1,0,1,1,0,0,0,0,0.6,0.6,0.5,1.1,1,19,5,0.40,0.00,0.40,0.40,0.40,0.22,0.21,0.43,0.22,0.43,Matches
Lukas Daschner,de GER,"MF,FW",Bochum,24,1998,20,3,536,6.0,1,1,2,1,0,0,2,0,2.3,2.3,1.0,3.3,11,17,37,0.17,0.17,0.34,0.17,0.34,0.39,0.16,0.55,0.39,0.55,Matches
David Datro Fofana,ci CIV,"FW,MF",Union Berlin,20,2002,12,8,682,7.6,1,0,1,1,0,0,0,0,2.8,2.8,0.3,3.1,20,14,66,0.13,0.00,0.13,0.13,0.13,0.37,0.05,0.41,0.37,0.41,Matches
Alphonso Davies,ca CAN,DF,Bayern Munich,22,2000,29,24,"2,065",22.9,2,5,7,2,0,0,0,0,1.0,1.0,2.9,3.8,121,117,139,0.09,0.22,0.31,0.09,0.31,0.04,0.12,0.17,0.04,0.17,Matches
Olivier Deman,be BEL,DF,Werder Bremen,23,2000,29,14,"1,365",15.2,2,1,3,2,0,0,5,0,1.1,1.1,0.9,2.0,26,40,53,0.13,0.07,0.20,0.13,0.20,0.07,0.06,0.13,0.07,0.13,Matches
Ermedin Demirović,ba BIH,"FW,MF",Augsburg,25,1998,33,33,"2,873",31.9,15,9,24,12,3,4,7,0,13.5,10.3,3.9,14.2,28,60,167,0.47,0.28,0.75,0.38,0.66,0.42,0.12,0.54,0.32,0.45,Matches
Sepp van den Berg,nl NED,DF,Mainz 05,21,2001,33,31,"2,839",31.5,3,0,3,3,0,0,9,0,2.7,2.7,0.3,3.0,7,95,6,0.10,0.00,0.10,0.10,0.10,0.08,0.01,0.09,0.08,0.09,Matches
Samuele Di Benedetto,de GER,MF,Stuttgart,18,2005,1,0,7,0.1,0,0,0,0,0,0,0,0,0.0,0.0,0.0,0.0,0,0,1,0.00,0.00,0.00,0.00,0.00,0.00,0.30,0.30,0.00,0.30,Matches
Justin Diehl,de GER,"FW,MF",Köln,18,2004,7,1,168,1.9,0,0,0,0,0,0,0,0,0.2,0.2,0.2,0.4,6,2,17,0.00,0.00,0.00,0.00,0.00,0.12,0.10,0.23,0.12,0.23,Matches
Eric Dier,eng ENG,DF,Bayern Munich,29,1994,15,13,"1,166",13.0,0,0,0,0,0,0,1,0,0.7,0.7,0.1,0.7,8,53,1,0.00,0.00,0.00,0.00,0.00,0.05,0.01,0.06,0.05,0.06,Matches
Florian Dietz,de GER,"FW,MF",Köln,24,1998,5,0,70,0.8,0,0,0,0,0,0,0,0,0.3,0.3,0.1,0.4,0,0,8,0.00,0.00,0.00,0.00,0.00,0.34,0.12,0.46,0.34,0.46,Matches
Junior Dina Ebimbe,fr FRA,"MF,DF",Eint Frankfurt,22,2000,31,25,"1,956",21.7,5,3,8,5,0,0,5,0,5.0,5.0,2.9,7.9,57,79,157,0.23,0.14,0.37,0.23,0.37,0.23,0.13,0.36,0.23,0.36,Matches
Eren Dinkçi,de GER,"FW,MF",Heidenheim,21,2001,33,33,"2,650",29.4,10,5,15,10,0,0,8,0,4.3,4.3,3.7,8.0,85,89,143,0.34,0.17,0.51,0.34,0.51,0.15,0.13,0.27,0.15,0.27,Matches
Ritsu Doan,jp JPN,"DF,MF",Freiburg,25,1998,30,26,"2,246",25.0,7,2,9,7,0,0,2,0,5.0,5.0,3.1,8.1,49,78,139,0.28,0.08,0.36,0.28,0.36,0.20,0.12,0.32,0.20,0.32,Matches
Danilho Doekhi,nl NED,DF,Union Berlin,25,1998,24,24,"2,160",24.0,2,0,2,2,0,0,2,0,1.2,1.2,0.2,1.3,7,65,6,0.08,0.00,0.08,0.08,0.08,0.05,0.01,0.06,0.05,0.06,Matches
Niklas Dorsch,de GER,MF,Augsburg,25,1998,21,16,"1,386",15.4,0,0,0,0,0,0,5,0,0.7,0.7,0.1,0.8,12,47,12,0.00,0.00,0.00,0.00,0.00,0.04,0.01,0.05,0.04,0.05,Matches
Nikola Dovedan,at AUT,"MF,FW",Heidenheim,29,1994,21,5,656,7.3,3,1,4,3,0,0,0,1,1.9,1.9,0.6,2.6,12,22,25,0.41,0.14,0.55,0.41,0.55,0.26,0.09,0.35,0.26,0.35,Matches
Damion Downs,us USA,"FW,MF",Köln,19,2004,10,0,181,2.0,2,0,2,2,0,0,0,0,1.0,1.0,0.0,1.0,1,0,5,0.99,0.00,0.99,0.99,0.99,0.51,0.00,0.51,0.51,0.51,Matches
Dion Drena Beljo,hr CRO,"FW,MF",Augsburg,21,2002,26,3,581,6.5,2,0,2,2,0,0,2,0,3.0,3.0,0.5,3.5,16,20,35,0.31,0.00,0.31,0.31,0.31,0.46,0.08,0.54,0.46,0.54,Matches
Tim Drexler,de GER,DF,Hoffenheim,18,2005,8,6,573,6.4,0,0,0,0,0,0,1,0,0.0,0.0,0.0,0.0,6,12,0,0.00,0.00,0.00,0.00,0.00,0.00,0.00,0.00,0.00,0.00,Matches
Marvin Ducksch,de GER,FW,Werder Bremen,29,1994,33,32,"2,696",30.0,12,9,21,7,5,6,9,0,12.8,7.9,7.8,15.7,17,88,150,0.40,0.30,0.70,0.23,0.53,0.43,0.26,0.69,0.26,0.52,Matches
Julien Duranville,be BEL,"FW,MF",Dortmund,17,2006,2,0,12,0.1,0,0,0,0,0,0,0,0,0.0,0.0,0.0,0.0,2,0,1,0.00,0.00,0.00,0.00,0.00,0.00,0.00,0.00,0.00,0.00,Matches
Maximilian Eggestein,de GER,MF,Freiburg,26,1996,33,33,"2,914",32.4,1,2,3,1,0,0,6,0,2.4,2.4,2.8,5.2,42,162,72,0.03,0.06,0.09,0.03,0.09,0.07,0.09,0.16,0.07,0.16,Matches
Lilian Egloff,de GER,"MF,DF",Stuttgart,20,2002,5,1,106,1.2,0,0,0,0,0,0,1,0,0.2,0.2,0.0,0.2,2,2,2,0.00,0.00,0.00,0.00,0.00,0.15,0.00,0.15,0.15,0.15,Matches
Hugo Ekitike,fr FRA,FW,Eint Frankfurt,21,2002,14,7,716,8.0,4,2,6,4,0,0,3,0,2.4,2.4,1.7,4.1,16,9,60,0.50,0.25,0.75,0.50,0.75,0.30,0.21,0.51,0.30,0.51,Matches
Elif Elmas,mk MKD,"MF,FW",RB Leipzig,23,1999,14,2,266,3.0,0,0,0,0,0,0,0,0,0.8,0.8,0.1,0.9,9,9,18,0.00,0.00,0.00,0.00,0.00,0.27,0.04,0.31,0.27,0.31,Matches
Nico Elvedi,ch SUI,DF,Gladbach,26,1996,30,28,"2,482",27.6,2,1,3,2,0,0,5,0,1.6,1.6,0.1,1.7,37,109,6,0.07,0.04,0.11,0.07,0.11,0.06,0.00,0.06,0.06,0.06,Matches
Arne Engels,be BEL,"MF,DF",Augsburg,19,2003,32,13,"1,405",15.6,3,2,5,3,0,0,1,1,1.8,1.8,1.2,3.0,23,52,62,0.19,0.13,0.32,0.19,0.32,0.12,0.08,0.19,0.12,0.19,Matches
Ohis Felix Uduokhai,de GER,DF,Augsburg,25,1997,33,33,"2,921",32.5,2,0,2,2,0,0,5,1,1.4,1.4,0.8,2.2,25,101,6,0.06,0.00,0.06,0.06,0.06,0.04,0.02,0.07,0.04,0.07,Matches
Edimilson Fernandes,ch SUI,DF,Mainz 05,27,1996,21,13,"1,290",14.3,0,2,2,0,0,0,4,0,0.5,0.5,0.7,1.3,9,53,9,0.00,0.14,0.14,0.00,0.14,0.04,0.05,0.09,0.04,0.09,Matches
Nacho Ferri,es ESP,"FW,MF",Eint Frankfurt,18,2004,8,0,74,0.8,1,0,1,1,0,0,0,0,1.2,1.2,0.0,1.2,0,2,8,1.22,0.00,1.22,1.22,1.22,1.43,0.05,1.48,1.43,1.48,Matches
Max Finkgräfe,de GER,"DF,FW",Köln,19,2004,24,18,"1,756",19.5,1,0,1,1,0,0,4,0,1.0,1.0,1.6,2.6,51,53,59,0.05,0.00,0.05,0.05,0.05,0.05,0.08,0.13,0.05,0.13,Matches
Kilian Fischer,de GER,"DF,MF",Wolfsburg,22,2000,6,4,291,3.2,0,0,0,0,0,0,1,0,0.1,0.1,0.1,0.2,6,6,9,0.00,0.00,0.00,0.00,0.00,0.03,0.03,0.07,0.03,0.07,Matches
Jonas Föhrenbach,de GER,DF,Heidenheim,27,1996,33,32,"2,788",31.0,0,0,0,0,0,0,2,0,0.5,0.5,0.8,1.3,44,96,69,0.00,0.00,0.00,0.00,0.00,0.02,0.03,0.04,0.02,0.04,Matches
Emil Forsberg,se SWE,"MF,FW",RB Leipzig,31,1991,14,5,464,5.2,2,1,3,2,0,1,0,0,1.4,0.6,0.9,1.5,8,22,38,0.39,0.19,0.58,0.39,0.58,0.27,0.17,0.44,0.11,0.28,Matches
Philipp Förster,de GER,"MF,FW",Bochum,28,1995,13,3,385,4.3,0,0,0,0,0,0,1,0,0.5,0.5,0.5,0.9,7,21,19,0.00,0.00,0.00,0.00,0.00,0.11,0.11,0.22,0.11,0.22,Matches
Bartol Franjić,hr CRO,MF,Darmstadt 98,23,2000,20,14,"1,229",13.7,0,1,1,0,0,0,5,0,0.3,0.3,0.2,0.5,13,50,14,0.00,0.07,0.07,0.00,0.07,0.02,0.02,0.04,0.02,0.04,Matches
Marco Friedl,at AUT,DF,Werder Bremen,25,1998,25,25,"2,197",24.4,1,0,1,1,0,0,6,0,0.2,0.2,0.1,0.3,4,59,2,0.04,0.00,0.04,0.04,0.04,0.01,0.00,0.01,0.01,0.01,Matches
Marvin Friedrich,de GER,DF,Gladbach,27,1995,24,17,"1,566",17.4,0,0,0,0,0,0,1,0,0.6,0.6,0.2,0.7,2,34,4,0.00,0.00,0.00,0.00,0.00,0.03,0.01,0.04,0.03,0.04,Matches
Jeremie Frimpong,nl NED,DF,Leverkusen,22,2000,31,27,"2,251",25.0,9,7,16,9,0,0,6,0,8.2,8.2,5.9,14.0,153,49,348,0.36,0.28,0.64,0.36,0.64,0.33,0.23,0.56,0.33,0.56,Matches
Chris Führich,de GER,"FW,MF",Stuttgart,25,1998,34,33,"2,567",28.5,8,7,15,8,0,1,2,0,6.6,5.8,8.0,13.8,153,145,259,0.28,0.25,0.53,0.28,0.53,0.23,0.28,0.51,0.20,0.49,Matches
Shiō Fukuda,jp JPN,"FW,MF",Gladbach,19,2004,5,0,36,0.4,0,0,0,0,0,0,0,0,0.2,0.2,0.0,0.2,0,0,2,0.00,0.00,0.00,0.00,0.00,0.40,0.07,0.47,0.40,0.47,Matches
Niclas Füllkrug,de GER,FW,Werder Bremen,30,1993,2,2,180,2.0,0,0,0,0,0,0,0,0,0.5,0.5,0.3,0.7,2,9,12,0.00,0.00,0.00,0.00,0.00,0.23,0.13,0.36,0.23,0.36,Matches
Niclas Füllkrug,de GER,FW,Dortmund,30,1993,29,27,"2,212",24.6,12,8,20,9,3,3,1,0,12.4,10.0,3.1,13.2,17,49,119,0.49,0.33,0.81,0.37,0.69,0.50,0.13,0.63,0.41,0.54,Matches
Cristian Gamboa,cr CRC,DF,Bochum,33,1989,22,12,"1,187",13.2,0,1,1,0,0,0,6,0,0.1,0.1,0.5,0.6,12,33,16,0.00,0.08,0.08,0.00,0.08,0.01,0.04,0.04,0.01,0.04,Matches
Dennis Geiger,de GER,MF,Hoffenheim,25,1998,3,0,64,0.7,0,0,0,0,0,0,1,0,0.0,0.0,0.2,0.2,1,3,2,0.00,0.00,0.00,0.00,0.00,0.00,0.31,0.31,0.00,0.31,Matches
Yannick Gerhardt,de GER,"MF,DF",Wolfsburg,29,1994,25,18,"1,630",18.1,2,1,3,2,0,0,5,0,1.9,1.9,0.9,2.8,17,49,73,0.11,0.06,0.17,0.11,0.17,0.11,0.05,0.15,0.11,0.15,Matches
Anwar El Ghazi,nl NED,"MF,DF",Mainz 05,28,1995,3,0,54,0.6,0,1,1,0,0,0,0,0,0.1,0.1,0.2,0.4,2,4,5,0.00,1.67,1.67,0.00,1.67,0.22,0.39,0.61,0.22,0.61,Matches
Benedikt Gimber,de GER,DF,Heidenheim,26,1997,24,24,"2,021",22.5,1,1,2,1,0,0,9,0,1.4,1.4,1.1,2.5,3,25,6,0.04,0.04,0.09,0.04,0.09,0.06,0.05,0.11,0.06,0.11,Matches
Matthias Ginter,de GER,DF,Freiburg,29,1994,23,22,"1,913",21.3,0,2,2,0,0,0,3,0,1.4,1.4,1.4,2.8,23,136,20,0.00,0.09,0.09,0.00,0.09,0.07,0.06,0.13,0.07,0.13,Matches
Jamie Gittens,eng ENG,"FW,MF",Dortmund,18,2004,25,14,"1,058",11.8,1,4,5,1,0,0,1,0,2.2,2.2,2.8,5.0,64,26,105,0.09,0.34,0.43,0.09,0.43,0.19,0.24,0.43,0.19,0.43,Matches
Klaus Gjasula,al ALB,"DF,MF",Darmstadt 98,33,1989,22,17,"1,363",15.1,0,0,0,0,0,0,7,1,0.5,0.5,0.2,0.6,8,70,7,0.00,0.00,0.00,0.00,0.00,0.03,0.01,0.04,0.03,0.04,Matches
Serge Gnabry,de GER,"FW,MF",Bayern Munich,28,1995,10,5,432,4.8,3,1,4,3,0,0,0,0,2.4,2.4,1.2,3.7,23,23,49,0.62,0.21,0.83,0.62,0.83,0.51,0.26,0.77,0.51,0.77,Matches
Leon Goretzka,de GER,MF,Bayern Munich,28,1995,30,25,"2,241",24.9,6,7,13,6,0,0,3,0,5.0,5.0,5.3,10.2,66,176,71,0.24,0.28,0.52,0.24,0.52,0.20,0.21,0.41,0.20,0.41,Matches
Robin Gosens,de GER,"DF,MF",Union Berlin,29,1994,30,27,"2,283",25.4,6,3,9,6,0,0,9,1,2.1,2.1,3.0,5.1,21,97,113,0.24,0.12,0.35,0.24,0.35,0.08,0.12,0.20,0.08,0.20,Matches
Mario Götze,de GER,MF,Eint Frankfurt,31,1992,30,23,"2,068",23.0,3,2,5,3,0,0,5,1,2.9,2.9,3.0,5.9,22,115,118,0.13,0.09,0.22,0.13,0.22,0.13,0.13,0.26,0.13,0.26,Matches
Jeffrey Gouweleeuw,nl NED,DF,Augsburg,32,1991,30,29,"2,593",28.8,1,0,1,1,0,0,7,0,1.3,1.3,1.8,3.2,33,143,17,0.03,0.00,0.03,0.03,0.03,0.05,0.06,0.11,0.05,0.11,Matches
Jens Grahl,de GER,GK,Eint Frankfurt,34,1988,2,2,180,2.0,0,1,1,0,0,0,0,0,0.0,0.0,0.2,0.2,0,0,0,0.00,0.50,0.50,0.00,0.50,0.00,0.12,0.12,0.00,0.12,Matches
Ryan Gravenberch,nl NED,FW,Bayern Munich,21,2002,1,0,10,0.1,0,0,0,0,0,0,1,0,0.0,0.0,0.2,0.2,0,1,3,0.00,0.00,0.00,0.00,0.00,0.00,1.92,1.92,0.00,1.92,Matches
Michael Gregoritsch,at AUT,FW,Freiburg,29,1994,32,19,"1,682",18.7,7,4,11,7,0,0,2,0,9.2,9.2,1.0,10.2,12,48,89,0.37,0.21,0.59,0.37,0.59,0.49,0.05,0.55,0.49,0.55,Matches
Vincenzo Grifo,it ITA,"MF,FW",Freiburg,30,1993,32,29,"2,325",25.8,8,8,16,2,6,6,3,0,7.7,3.0,8.2,11.2,54,115,148,0.31,0.31,0.62,0.08,0.39,0.30,0.32,0.62,0.12,0.43,Matches
Florian Grillitsch,at AUT,"DF,MF",Hoffenheim,27,1995,30,25,"2,295",25.5,1,6,7,1,0,0,8,0,1.2,1.2,1.7,2.9,32,152,22,0.04,0.24,0.27,0.04,0.27,0.05,0.07,0.12,0.05,0.12,Matches
Álex Grimaldo,es ESP,DF,Leverkusen,27,1995,33,31,"2,784",30.9,10,13,23,10,0,0,1,0,5.7,5.7,9.1,14.8,77,162,261,0.32,0.42,0.74,0.32,0.74,0.18,0.30,0.48,0.18,0.48,Matches
Christian Groß,de GER,"DF,MF",Werder Bremen,34,1989,20,8,797,8.9,0,1,1,0,0,0,1,0,0.3,0.3,0.4,0.7,17,46,5,0.00,0.11,0.11,0.00,0.11,0.04,0.04,0.08,0.04,0.08,Matches
Brajan Gruda,de GER,"MF,FW",Mainz 05,19,2004,28,19,"1,641",18.2,4,3,7,4,0,0,5,0,3.5,3.5,4.1,7.6,100,71,167,0.22,0.16,0.38,0.22,0.38,0.19,0.23,0.42,0.19,0.42,Matches
Ilia Gruev,bg BUL,MF,Werder Bremen,23,2000,1,0,4,0.0,0,0,0,0,0,0,0,0,0.0,0.0,0.0,0.0,0,0,0,0.00,0.00,0.00,0.00,0.00,0.00,0.00,0.00,0.00,0.00,Matches
Raphaël Guerreiro,pt POR,"DF,MF",Bayern Munich,29,1993,20,13,"1,191",13.2,3,0,3,3,0,0,2,0,2.4,2.4,2.0,4.4,36,86,90,0.23,0.00,0.23,0.23,0.23,0.18,0.15,0.33,0.18,0.33,Matches
Josuha Guilavogui,fr FRA,DF,Mainz 05,32,1990,11,5,409,4.5,0,1,1,0,0,0,1,0,0.0,0.0,0.1,0.1,1,9,1,0.00,0.22,0.22,0.00,0.22,0.00,0.02,0.02,0.00,0.02,Matches
Serhou Guirassy,gn GUI,FW,Stuttgart,27,1996,28,25,"2,208",24.5,28,3,31,24,4,4,0,0,20.8,17.6,6.6,24.2,32,56,183,1.14,0.12,1.26,0.98,1.10,0.85,0.27,1.12,0.72,0.99,Matches
Péter Gulácsi,hu HUN,GK,RB Leipzig,33,1990,13,13,"1,170",13.0,0,0,0,0,0,0,0,0,0.0,0.0,0.0,0.0,0,1,0,0.00,0.00,0.00,0.00,0.00,0.00,0.00,0.00,0.00,0.00,Matches
Manuel Gulde,de GER,DF,Freiburg,32,1991,27,23,"2,047",22.7,1,0,1,1,0,0,5,1,1.1,1.1,0.1,1.2,10,74,3,0.04,0.00,0.04,0.04,0.04,0.05,0.01,0.05,0.05,0.05,Matches
Robert Gumny,pl POL,DF,Augsburg,25,1998,13,6,481,5.3,0,0,0,0,0,0,3,0,0.2,0.2,0.1,0.3,9,18,17,0.00,0.00,0.00,0.00,0.00,0.04,0.01,0.05,0.04,0.05,Matches
Christian Günter,de GER,DF,Freiburg,30,1993,15,13,"1,060",11.8,1,2,3,1,0,0,1,0,0.5,0.5,2.1,2.6,15,23,63,0.08,0.17,0.25,0.08,0.25,0.04,0.18,0.22,0.04,0.22,Matches
Janik Haberer,de GER,"MF,DF",Union Berlin,29,1994,21,14,"1,221",13.6,1,1,2,1,0,0,7,0,0.9,0.8,0.6,1.3,10,47,36,0.07,0.07,0.15,0.07,0.15,0.07,0.04,0.11,0.06,0.10,Matches
Robin Hack,de GER,"FW,MF",Gladbach,24,1998,29,14,"1,348",15.0,10,2,12,10,0,0,2,0,3.9,3.9,2.3,6.3,50,46,103,0.67,0.13,0.80,0.67,0.80,0.26,0.16,0.42,0.26,0.42,Matches
Amadou Haidara,ml MLI,MF,RB Leipzig,25,1998,21,19,"1,526",17.0,2,1,3,2,0,0,5,0,1.1,1.1,1.6,2.7,8,97,11,0.12,0.06,0.18,0.12,0.18,0.07,0.09,0.16,0.07,0.16,Matches
Sébastien Haller,ci CIV,FW,Dortmund,29,1994,14,5,396,4.4,0,1,1,0,0,0,2,0,0.9,0.9,0.7,1.7,11,11,34,0.00,0.23,0.23,0.00,0.23,0.22,0.17,0.39,0.22,0.39,Matches
Andreas Hanche-Olsen,no NOR,DF,Mainz 05,26,1997,15,12,992,11.0,1,0,1,1,0,0,5,0,0.7,0.7,0.0,0.7,1,19,0,0.09,0.00,0.09,0.09,0.09,0.06,0.00,0.06,0.06,0.06,Matches
Isak Hansen-Aarøen,no NOR,MF,Werder Bremen,18,2004,3,0,27,0.3,0,0,0,0,0,0,1,0,0.0,0.0,0.1,0.1,2,2,3,0.00,0.00,0.00,0.00,0.00,0.00,0.22,0.22,0.00,0.22,Matches
Genki Haraguchi,jp JPN,MF,Stuttgart,32,1991,2,0,27,0.3,0,0,0,0,0,0,0,0,0.0,0.0,0.0,0.0,1,3,0,0.00,0.00,0.00,0.00,0.00,0.00,0.00,0.00,0.00,0.00,Matches
Makoto Hasebe,jp JPN,"DF,MF",Eint Frankfurt,39,1984,8,2,218,2.4,0,0,0,0,0,0,1,0,0.0,0.0,0.0,0.0,0,10,3,0.00,0.00,0.00,0.00,0.00,0.00,0.00,0.00,0.00,0.00,Matches
Thorgan Hazard,be BEL,DF,Dortmund,30,1993,1,0,7,0.1,0,0,0,0,0,0,0,0,0.0,0.0,0.0,0.0,0,2,1,0.00,0.00,0.00,0.00,0.00,0.00,0.00,0.00,0.00,0.00,Matches
Dominique Heintz,de GER,DF,Köln,29,1993,12,6,568,6.3,0,0,0,0,0,0,0,0,0.0,0.0,0.5,0.5,10,30,16,0.00,0.00,0.00,0.00,0.00,0.00,0.08,0.08,0.00,0.08,Matches
Benjamin Henrichs,de GER,DF,RB Leipzig,26,1997,33,28,"2,526",28.1,1,5,6,1,0,0,5,0,2.5,2.5,4.4,6.9,53,124,161,0.04,0.18,0.21,0.04,0.21,0.09,0.16,0.25,0.09,0.25,Matches
Patrick Herrmann,de GER,"FW,DF",Gladbach,32,1991,8,0,86,1.0,0,0,0,0,0,0,1,0,0.2,0.2,0.1,0.3,3,6,8,0.00,0.00,0.00,0.00,0.00,0.20,0.10,0.30,0.20,0.30,Matches
Piero Hincapié,ec ECU,DF,Leverkusen,21,2002,26,16,"1,484",16.5,1,2,3,1,0,0,2,0,1.9,1.9,0.5,2.5,34,102,50,0.06,0.12,0.18,0.06,0.18,0.12,0.03,0.15,0.12,0.15,Matches
Adam Hložek,cz CZE,"MF,FW",Leverkusen,21,2002,23,5,459,5.1,2,3,5,2,0,0,1,0,3.1,3.1,0.9,4.0,14,13,33,0.39,0.59,0.98,0.39,0.98,0.60,0.18,0.78,0.60,0.78,Matches
Nicolas Höfler,de GER,MF,Freiburg,33,1990,28,26,"2,330",25.9,1,1,2,1,0,0,10,1,0.7,0.7,0.4,1.1,14,94,15,0.04,0.04,0.08,0.04,0.08,0.03,0.02,0.04,0.03,0.04,Matches
Jonas Hofmann,de GER,MF,Leverkusen,31,1992,32,26,"2,204",24.5,5,7,12,5,0,0,3,0,5.9,5.9,8.1,14.1,63,119,221,0.20,0.29,0.49,0.20,0.49,0.24,0.33,0.57,0.24,0.57,Matches
Philipp Hofmann,de GER,FW,Bochum,30,1993,29,18,"1,571",17.5,4,2,6,4,0,0,1,0,4.8,4.8,1.7,6.5,7,36,86,0.23,0.11,0.34,0.23,0.34,0.27,0.10,0.37,0.27,0.37,Matches
Lucas Höler,de GER,"FW,MF",Freiburg,29,1994,33,26,"2,305",25.6,7,2,9,6,1,2,7,0,8.6,7.0,2.1,9.1,24,49,153,0.27,0.08,0.35,0.23,0.31,0.34,0.08,0.42,0.27,0.36,Matches
Fabian Holland,de GER,"MF,DF",Darmstadt 98,33,1990,23,23,"1,835",20.4,0,2,2,0,0,0,4,1,0.6,0.6,1.5,2.1,11,87,47,0.00,0.10,0.10,0.00,0.10,0.03,0.07,0.10,0.03,0.10,Matches
Benedict Hollerbach,de GER,"FW,MF",Union Berlin,22,2001,28,15,"1,282",14.2,5,0,5,5,0,0,2,0,3.4,3.4,1.3,4.7,49,39,126,0.35,0.00,0.35,0.35,0.35,0.24,0.09,0.33,0.24,0.33,Matches
Gerrit Holtmann,ph PHI,"MF,FW",Darmstadt 98,28,1995,10,2,392,4.4,0,0,0,0,0,0,1,0,0.6,0.6,0.3,0.9,13,18,20,0.00,0.00,0.00,0.00,0.00,0.14,0.07,0.21,0.14,0.21,Matches
Franck Honorat,fr FRA,"DF,FW",Gladbach,26,1996,32,28,"2,345",26.1,3,9,12,3,0,0,1,0,1.6,1.6,9.3,10.8,97,93,242,0.12,0.35,0.46,0.12,0.46,0.06,0.36,0.42,0.06,0.42,Matches
Mathias Honsak,at AUT,"FW,MF",Darmstadt 98,26,1996,23,10,"1,021",11.3,1,1,2,1,0,0,1,0,1.8,1.8,0.7,2.5,22,19,62,0.09,0.09,0.18,0.09,0.18,0.16,0.06,0.22,0.16,0.22,Matches
Fraser Hornby,sct SCO,"FW,MF",Darmstadt 98,23,1999,7,1,217,2.4,0,0,0,0,0,0,1,0,0.7,0.7,0.3,1.0,7,2,7,0.00,0.00,0.00,0.00,0.00,0.27,0.14,0.41,0.27,0.41,Matches
Lukáš Hrádecký,fi FIN,GK,Leverkusen,33,1989,33,33,"2,970",33.0,0,0,0,0,0,0,2,0,0.0,0.0,0.0,0.0,0,1,0,0.00,0.00,0.00,0.00,0.00,0.00,0.00,0.00,0.00,0.00,Matches
Timo Hübers,de GER,DF,Köln,27,1996,31,31,"2,778",30.9,0,0,0,0,0,0,6,0,1.8,1.8,0.5,2.3,19,104,3,0.00,0.00,0.00,0.00,0.00,0.06,0.02,0.08,0.06,0.08,Matches
Mats Hummels,de GER,DF,Dortmund,34,1988,25,20,"1,581",17.6,3,0,3,3,0,0,4,1,3.2,3.2,0.9,4.1,11,82,1,0.17,0.00,0.17,0.17,0.17,0.18,0.05,0.23,0.18,0.23,Matches
Denis Huseinbasic,ba BIH,MF,Köln,22,2001,26,18,"1,627",18.1,0,3,3,0,0,0,5,0,0.3,0.3,0.7,1.0,35,93,29,0.00,0.17,0.17,0.00,0.17,0.02,0.04,0.06,0.02,0.06,Matches
Iago,br BRA,DF,Augsburg,26,1997,23,18,"1,622",18.0,1,1,2,1,0,0,4,0,1.4,1.4,1.6,3.0,24,54,51,0.06,0.06,0.11,0.06,0.11,0.08,0.09,0.16,0.08,0.16,Matches
Borja Iglesias,es ESP,FW,Leverkusen,30,1993,7,2,256,2.8,0,0,0,0,0,0,0,0,1.4,1.4,0.3,1.6,3,5,19,0.00,0.00,0.00,0.00,0.00,0.48,0.10,0.58,0.48,0.58,Matches
Joel Imasuen,us USA,FW,Werder Bremen,18,2004,1,0,2,0.0,0,0,0,0,0,0,0,0,0.0,0.0,0.0,0.0,0,0,0,0.00,0.00,0.00,0.00,0.00,0.00,0.00,0.00,0.00,0.00,Matches
Thomas Isherwood,se SWE,DF,Darmstadt 98,25,1998,12,8,636,7.1,0,0,0,0,0,0,1,0,0.0,0.0,0.0,0.0,6,11,1,0.00,0.00,0.00,0.00,0.00,0.00,0.01,0.01,0.00,0.01,Matches
Ko Itakura,jp JPN,"DF,MF",Gladbach,26,1997,20,18,"1,596",17.7,3,0,3,3,0,0,9,0,1.3,1.3,0.2,1.5,14,36,7,0.17,0.00,0.17,0.17,0.17,0.08,0.01,0.09,0.08,0.09,Matches
Hiroki Ito,jp JPN,DF,Stuttgart,24,1999,26,25,"2,228",24.8,0,2,2,0,0,0,1,0,0.9,0.9,2.0,2.9,29,121,32,0.00,0.08,0.08,0.00,0.08,0.04,0.08,0.12,0.04,0.12,Matches
Lee Jae-sung,kr KOR,"MF,FW",Mainz 05,30,1992,29,24,"2,113",23.5,6,3,9,6,0,0,6,0,4.9,4.9,3.4,8.3,25,82,121,0.26,0.13,0.38,0.26,0.38,0.21,0.14,0.35,0.21,0.35,Matches
Paul Jaeckel,de GER,DF,Union Berlin,25,1998,6,2,234,2.6,0,0,0,0,0,0,0,0,0.0,0.0,0.1,0.1,1,14,1,0.00,0.00,0.00,0.00,0.00,0.00,0.02,0.02,0.00,0.02,Matches
Kristijan Jakić,hr CRO,MF,Augsburg,26,1997,14,13,"1,051",11.7,2,1,3,2,0,0,4,0,0.8,0.8,0.3,1.0,11,56,10,0.17,0.09,0.26,0.17,0.26,0.07,0.02,0.09,0.07,0.09,Matches
Kristijan Jakić,hr CRO,"MF,FW",Eint Frankfurt,26,1997,4,1,200,2.2,0,0,0,0,0,0,1,0,0.0,0.0,0.2,0.2,3,11,9,0.00,0.00,0.00,0.00,0.00,0.02,0.08,0.10,0.02,0.10,Matches
Tony Jantschke,de GER,"DF,MF",Gladbach,33,1990,4,0,27,0.3,0,0,0,0,0,0,0,0,0.0,0.0,0.0,0.0,0,2,0,0.00,0.00,0.00,0.00,0.00,0.00,0.00,0.00,0.00,0.00,Matches
Nuha Jatta,gm GAM,FW,RB Leipzig,17,2006,1,0,1,0.0,0,0,0,0,0,0,0,0,0.0,0.0,0.0,0.0,0,0,0,0.00,0.00,0.00,0.00,0.00,0.00,0.00,0.00,0.00,0.00,Matches
Fredrik Jensen,fi FIN,"MF,FW",Augsburg,25,1997,22,18,"1,338",14.9,2,4,6,2,0,0,1,0,0.9,0.9,4.3,5.2,22,46,90,0.13,0.27,0.40,0.13,0.40,0.06,0.29,0.35,0.06,0.35,Matches
Moritz Jenz,de GER,DF,Wolfsburg,24,1999,22,21,"1,742",19.4,0,1,1,0,0,0,7,1,0.3,0.3,0.3,0.6,2,47,4,0.00,0.05,0.05,0.00,0.05,0.02,0.01,0.03,0.02,0.03,Matches
Anthony Jung,de GER,DF,Werder Bremen,31,1991,31,30,"2,579",28.7,1,0,1,1,0,0,4,1,0.6,0.6,0.3,1.0,24,107,21,0.03,0.00,0.03,0.03,0.03,0.02,0.01,0.03,0.02,0.03,Matches
Josip Juranović,hr CRO,DF,Union Berlin,27,1995,21,14,"1,294",14.4,0,2,2,0,0,1,4,0,1.4,0.6,2.3,2.9,22,52,46,0.00,0.14,0.14,0.00,0.14,0.10,0.16,0.26,0.04,0.20,Matches
David Jurásek,cz CZE,DF,Hoffenheim,22,2000,13,4,496,5.5,0,1,1,0,0,0,1,0,0.2,0.2,1.0,1.1,12,12,38,0.00,0.18,0.18,0.00,0.18,0.03,0.18,0.21,0.03,0.21,Matches
Julian Justvan,de GER,"FW,MF",Hoffenheim,25,1998,4,0,49,0.5,0,0,0,0,0,0,0,0,0.0,0.0,0.0,0.0,8,5,12,0.00,0.00,0.00,0.00,0.00,0.07,0.00,0.07,0.07,0.07,Matches
Julian Justvan,de GER,"MF,FW",Darmstadt 98,25,1998,14,11,"1,023",11.4,2,2,4,2,0,0,1,0,0.9,0.9,2.5,3.4,20,56,50,0.18,0.18,0.35,0.18,0.35,0.08,0.22,0.30,0.08,0.30,Matches
Ozan Kabak,tr TUR,DF,Hoffenheim,23,2000,28,28,"2,282",25.4,4,0,4,4,0,0,11,1,2.2,2.2,1.1,3.3,21,110,11,0.16,0.00,0.16,0.16,0.16,0.09,0.04,0.13,0.09,0.13,Matches
Pavel Kadeřábek,cz CZE,"DF,FW",Hoffenheim,31,1992,29,28,"2,412",26.8,3,4,7,3,0,0,7,0,2.5,2.5,4.7,7.2,38,88,153,0.11,0.15,0.26,0.11,0.26,0.09,0.18,0.27,0.09,0.27,Matches
Florian Kainz,at AUT,"MF,FW",Köln,30,1992,33,29,"2,197",24.4,5,4,9,0,5,5,4,0,5.0,1.0,3.3,4.3,40,124,100,0.20,0.16,0.37,0.00,0.16,0.20,0.13,0.34,0.04,0.18,Matches
Sasa Kalajdzic,at AUT,FW,Eint Frankfurt,26,1997,5,5,325,3.6,0,1,1,0,0,0,0,0,0.2,0.2,0.5,0.7,1,8,9,0.00,0.28,0.28,0.00,0.28,0.05,0.14,0.19,0.05,0.19,Matches
Jakub Kamiński,pl POL,"FW,MF",Wolfsburg,21,2002,17,4,473,5.3,0,2,2,0,0,0,0,0,0.5,0.5,0.7,1.1,13,18,53,0.00,0.38,0.38,0.00,0.38,0.09,0.13,0.22,0.09,0.22,Matches
Kevin Kampl,si SVN,MF,RB Leipzig,32,1990,26,14,"1,363",15.1,1,0,1,1,0,0,3,0,0.2,0.2,1.8,2.0,28,88,27,0.07,0.00,0.07,0.07,0.07,0.01,0.12,0.13,0.01,0.13,Matches
Harry Kane,eng ENG,FW,Bayern Munich,30,1993,32,32,"2,839",31.5,36,8,44,31,5,5,2,0,30.6,26.7,6.4,33.0,36,102,164,1.14,0.25,1.39,0.98,1.24,0.97,0.20,1.17,0.85,1.05,Matches
Atakan Karazor,,MF,Stuttgart,26,1996,33,31,"2,623",29.1,0,4,4,0,0,0,9,0,1.0,1.0,2.6,3.6,24,142,31,0.00,0.14,0.14,0.00,0.14,0.04,0.09,0.13,0.03,0.12,Matches
Emir Karic,at AUT,DF,Darmstadt 98,26,1997,27,18,"1,783",19.8,0,0,0,0,0,0,4,0,0.4,0.4,1.3,1.7,56,115,85,0.00,0.00,0.00,0.00,0.00,0.02,0.06,0.08,0.02,0.08,Matches
Silas Katompa,cd COD,"FW,MF",Stuttgart,24,1998,27,8,900,10.0,5,2,7,5,0,1,0,0,5.7,4.9,2.3,7.2,49,25,130,0.50,0.20,0.70,0.50,0.70,0.57,0.23,0.80,0.49,0.72,Matches
Mikkel Kaufmann,dk DEN,FW,Union Berlin,22,2001,18,4,486,5.4,1,0,1,1,0,0,0,0,1.3,1.3,1.0,2.3,6,11,34,0.19,0.00,0.19,0.19,0.19,0.24,0.18,0.42,0.24,0.42,Matches
Naby Keïta,gn GUI,"MF,DF",Werder Bremen,28,1995,5,1,109,1.2,0,0,0,0,0,0,2,0,0.1,0.1,0.0,0.1,1,13,4,0.00,0.00,0.00,0.00,0.00,0.09,0.00,0.09,0.09,0.09,Matches
Yannik Keitel,de GER,"DF,MF",Freiburg,23,2000,15,11,920,10.2,1,0,1,1,0,0,0,0,0.7,0.7,0.4,1.1,4,48,7,0.10,0.00,0.10,0.10,0.10,0.07,0.04,0.11,0.07,0.11,Matches
Thomas Keller,de GER,"MF,FW",Heidenheim,23,1999,2,0,2,0.0,0,0,0,0,0,0,0,0,0.0,0.0,0.0,0.0,0,2,0,0.00,0.00,0.00,0.00,0.00,0.00,0.00,0.00,0.00,0.00,Matches
Aljoscha Kemlein,de GER,MF,Union Berlin,18,2004,2,0,29,0.3,0,0,0,0,0,0,0,0,0.0,0.0,0.0,0.0,0,0,1,0.00,0.00,0.00,0.00,0.00,0.14,0.00,0.14,0.14,0.14,Matches
Tobias Kempe,de GER,MF,Darmstadt 98,34,1989,24,15,"1,350",15.0,3,2,5,0,3,3,1,0,3.6,1.2,2.1,3.3,15,44,46,0.20,0.13,0.33,0.00,0.13,0.24,0.14,0.38,0.08,0.22,Matches
Rani Khedira,de GER,MF,Union Berlin,29,1994,20,18,"1,343",14.9,0,0,0,0,0,0,5,1,0.4,0.4,0.1,0.5,6,35,15,0.00,0.00,0.00,0.00,0.00,0.03,0.01,0.03,0.03,0.03,Matches
Luca Kilian,de GER,DF,Köln,23,1999,13,6,635,7.1,0,0,0,0,0,0,1,0,0.0,0.0,0.0,0.0,7,12,1,0.00,0.00,0.00,0.00,0.00,0.00,0.01,0.01,0.00,0.01,Matches
Joshua Kimmich,de GER,"MF,DF",Bayern Munich,28,1995,28,27,"2,176",24.2,1,6,7,1,0,0,1,1,1.1,1.1,7.1,8.3,56,229,114,0.04,0.25,0.29,0.04,0.29,0.05,0.30,0.34,0.05,0.34,Matches
Christoph Klarer,at AUT,DF,Darmstadt 98,23,2000,30,28,"2,354",26.2,2,2,4,2,0,0,9,0,1.2,1.2,0.9,2.1,9,64,11,0.08,0.08,0.15,0.08,0.15,0.05,0.04,0.08,0.05,0.08,Matches
Tim Kleindienst,de GER,FW,Heidenheim,27,1995,33,33,"2,869",31.9,12,3,15,10,2,2,6,0,13.9,12.3,3.3,15.6,40,73,178,0.38,0.09,0.47,0.31,0.41,0.44,0.10,0.54,0.39,0.49,Matches
Lukas Klostermann,de GER,DF,RB Leipzig,27,1996,25,16,"1,436",16.0,1,0,1,1,0,0,3,0,0.7,0.7,0.4,1.1,14,90,13,0.06,0.00,0.06,0.06,0.06,0.05,0.02,0.07,0.05,0.07,Matches
Ansgar Knauff,de GER,"MF,DF",Eint Frankfurt,21,2002,31,24,"2,109",23.4,7,2,9,7,0,0,7,1,5.7,5.7,2.3,8.0,77,57,164,0.30,0.09,0.38,0.30,0.38,0.24,0.10,0.34,0.24,0.34,Matches
Robin Knoche,de GER,DF,Union Berlin,31,1992,24,20,"1,917",21.3,1,0,1,1,0,1,1,0,1.2,0.4,0.3,0.7,2,71,2,0.05,0.00,0.05,0.05,0.05,0.06,0.01,0.07,0.02,0.03,Matches
Gregor Kobel,ch SUI,GK,Dortmund,25,1997,27,27,"2,365",26.3,0,0,0,0,0,0,1,0,0.0,0.0,0.0,0.0,0,0,0,0.00,0.00,0.00,0.00,0.00,0.00,0.00,0.00,0.00,0.00,Matches
Robin Koch,de GER,DF,Eint Frankfurt,27,1996,31,31,"2,738",30.4,2,0,2,2,0,0,10,0,3.1,3.1,0.2,3.3,14,116,3,0.07,0.00,0.07,0.07,0.07,0.10,0.01,0.11,0.10,0.11,Matches
Dominik Kohr,de GER,"DF,MF",Mainz 05,29,1994,31,27,"2,184",24.3,1,0,1,1,0,0,15,1,1.6,1.6,1.2,2.8,19,99,26,0.04,0.00,0.04,0.04,0.04,0.07,0.05,0.12,0.07,0.12,Matches
Randal Kolo Muani,fr FRA,FW,Eint Frankfurt,24,1998,2,2,153,1.7,1,0,1,1,0,0,0,0,1.3,1.3,0.0,1.3,6,3,9,0.59,0.00,0.59,0.59,0.59,0.77,0.00,0.77,0.77,0.77,Matches
Mert Kömür,de GER,"MF,DF",Augsburg,18,2005,4,1,118,1.3,1,0,1,1,0,0,0,0,0.2,0.2,0.0,0.2,7,4,9,0.76,0.00,0.76,0.76,0.76,0.15,0.02,0.17,0.15,0.17,Matches
Manu Koné,fr FRA,MF,Gladbach,22,2001,22,18,"1,561",17.3,1,0,1,1,0,0,4,1,1.2,1.2,1.2,2.4,42,70,56,0.06,0.00,0.06,0.06,0.06,0.07,0.07,0.14,0.07,0.14,Matches
Odilon Kossounou,ci CIV,DF,Leverkusen,22,2001,22,21,"1,811",20.1,1,0,1,1,0,0,3,0,0.6,0.6,0.7,1.3,48,141,23,0.05,0.00,0.05,0.05,0.05,0.03,0.03,0.06,0.03,0.06,Matches
Tomáš Koubek,cz CZE,GK,Augsburg,30,1992,3,3,270,3.0,0,0,0,0,0,0,0,0,0.0,0.0,0.0,0.0,0,0,0,0.00,0.00,0.00,0.00,0.00,0.00,0.00,0.00,0.00,0.00,Matches
Matej Kovar,cz CZE,GK,Leverkusen,23,2000,1,1,90,1.0,0,0,0,0,0,0,0,0,0.0,0.0,0.0,0.0,0,0,0,0.00,0.00,0.00,0.00,0.00,0.00,0.00,0.00,0.00,0.00,Matches
Dawid Kownacki,pl POL,FW,Werder Bremen,26,1997,22,3,380,4.2,0,0,0,0,0,0,0,0,1.3,1.3,0.4,1.6,5,10,26,0.00,0.00,0.00,0.00,0.00,0.31,0.08,0.39,0.31,0.39,Matches
Alex Král,cz CZE,MF,Union Berlin,25,1998,24,13,"1,370",15.2,0,0,0,0,0,0,2,0,1.7,1.7,0.4,2.0,15,44,41,0.00,0.00,0.00,0.00,0.00,0.11,0.02,0.13,0.11,0.13,Matches
Andrej Kramarić,hr CRO,"MF,FW",Hoffenheim,32,1991,30,25,"2,199",24.4,15,6,21,10,5,5,4,0,11.1,7.1,7.3,14.5,71,119,175,0.61,0.25,0.86,0.41,0.65,0.45,0.30,0.75,0.29,0.59,Matches
Christoph Kramer,de GER,MF,Gladbach,32,1991,14,1,249,2.8,0,0,0,0,0,0,4,0,0.1,0.1,0.1,0.2,10,17,8,0.00,0.00,0.00,0.00,0.00,0.04,0.05,0.09,0.04,0.09,Matches
Frans Krätzig,de GER,DF,Bayern Munich,20,2003,4,0,56,0.6,0,0,0,0,0,0,0,0,0.3,0.3,0.3,0.5,0,7,7,0.00,0.00,0.00,0.00,0.00,0.42,0.42,0.84,0.42,0.84,Matches
Tom Krauß,de GER,MF,Mainz 05,22,2001,29,13,"1,346",15.0,1,2,3,1,0,0,5,0,0.8,0.8,0.4,1.2,12,68,29,0.07,0.13,0.20,0.07,0.20,0.05,0.03,0.08,0.05,0.08,Matches
Lukas Kübler,de GER,DF,Freiburg,30,1992,26,22,"1,847",20.5,1,0,1,1,0,0,7,0,0.6,0.6,0.3,0.9,13,70,32,0.05,0.00,0.05,0.05,0.05,0.03,0.02,0.04,0.03,0.04,Matches
Mahmut Kücüksahin,,MF,Augsburg,19,2004,1,0,1,0.0,0,0,0,0,0,0,0,0,0.0,0.0,0.0,0.0,0,0,0,0.00,0.00,0.00,0.00,0.00,0.00,0.00,0.00,0.00,0.00,Matches
Christian Kühlwetter,de GER,MF,Heidenheim,27,1996,1,0,8,0.1,0,1,1,0,0,0,0,0,0.0,0.0,0.6,0.6,1,0,0,0.00,11.25,11.25,0.00,11.25,0.00,6.85,6.85,0.00,6.85,Matches
Moritz-Broni Kwarteng,gh GHA,FW,Bochum,25,1998,11,2,281,3.1,0,1,1,0,0,0,1,1,1.0,1.0,0.5,1.6,8,6,24,0.00,0.32,0.32,0.00,0.32,0.33,0.17,0.51,0.33,0.51,Matches
Maxence Lacroix,fr FRA,DF,Wolfsburg,23,2000,28,27,"2,362",26.2,4,1,5,4,0,0,5,3,0.8,0.8,0.8,1.7,5,79,5,0.15,0.04,0.19,0.15,0.19,0.03,0.03,0.06,0.03,0.06,Matches
Aïssa Laïdouni,tn TUN,MF,Union Berlin,26,1996,23,10,"1,071",11.9,0,3,3,0,0,0,2,0,0.7,0.7,1.0,1.7,24,56,41,0.00,0.25,0.25,0.00,0.25,0.06,0.09,0.14,0.06,0.14,Matches
Konrad Laimer,at AUT,"DF,MF",Bayern Munich,26,1997,29,18,"1,772",19.7,0,3,3,0,0,0,3,0,1.0,1.0,3.9,4.9,62,127,98,0.00,0.15,0.15,0.00,0.15,0.05,0.20,0.25,0.05,0.25,Matches
Stefan Lainer,at AUT,"DF,MF",Gladbach,30,1992,15,8,751,8.3,0,1,1,0,0,0,2,0,0.2,0.2,0.7,0.9,15,37,31,0.00,0.12,0.12,0.00,0.12,0.02,0.08,0.11,0.02,0.11,Matches
Hugo Larsson,se SWE,MF,Eint Frankfurt,19,2004,29,21,"1,886",21.0,2,1,3,2,0,0,1,0,1.3,1.3,1.4,2.7,26,68,42,0.10,0.05,0.14,0.10,0.14,0.06,0.07,0.13,0.06,0.13,Matches
Diogo Leite,pt POR,DF,Union Berlin,24,1999,32,31,"2,702",30.0,0,0,0,0,0,0,6,0,0.8,0.8,0.2,1.0,14,121,4,0.00,0.00,0.00,0.00,0.00,0.03,0.01,0.03,0.03,0.03,Matches
Maxim Leitsch,de GER,DF,Mainz 05,25,1998,7,4,379,4.2,0,0,0,0,0,0,0,0,0.0,0.0,0.0,0.0,1,7,0,0.00,0.00,0.00,0.00,0.00,0.00,0.00,0.00,0.00,0.00,Matches
Christopher Lenz,de GER,"DF,MF",RB Leipzig,28,1994,5,0,47,0.5,0,0,0,0,0,0,0,0,0.0,0.0,0.1,0.1,1,2,7,0.00,0.00,0.00,0.00,0.00,0.00,0.22,0.22,0.00,0.22,Matches
Christopher Lenz,de GER,DF,Eint Frankfurt,28,1994,1,0,10,0.1,0,0,0,0,0,0,0,0,0.0,0.0,0.0,0.0,0,1,0,0.00,0.00,0.00,0.00,0.00,0.00,0.00,0.00,0.00,0.00,Matches
Jamie Leweling,de GER,"FW,MF",Stuttgart,22,2001,34,17,"1,523",16.9,4,4,8,4,0,0,3,0,6.1,6.1,3.2,9.3,65,35,172,0.24,0.24,0.47,0.24,0.47,0.36,0.19,0.55,0.36,0.55,Matches
Philipp Lienhart,at AUT,DF,Freiburg,27,1996,15,14,"1,265",14.1,1,0,1,1,0,0,3,0,1.1,1.1,1.1,2.2,14,53,3,0.07,0.00,0.07,0.07,0.07,0.08,0.08,0.16,0.08,0.16,Matches
Matthijs de Ligt,nl NED,DF,Bayern Munich,23,1999,22,16,"1,390",15.4,2,0,2,2,0,0,5,0,1.7,1.7,0.1,1.9,16,98,6,0.13,0.00,0.13,0.13,0.13,0.11,0.01,0.12,0.11,0.12,Matches
Jesper Lindstrøm,dk DEN,FW,Eint Frankfurt,23,2000,1,1,83,0.9,0,0,0,0,0,0,0,0,0.2,0.2,0.0,0.2,2,1,9,0.00,0.00,0.00,0.00,0.00,0.20,0.00,0.20,0.20,0.20,Matches
Dejan Ljubicic,at AUT,"MF,FW",Köln,25,1997,26,24,"2,048",22.8,0,2,2,0,0,0,6,0,1.9,1.9,3.0,4.9,41,84,73,0.00,0.09,0.09,0.00,0.09,0.08,0.13,0.22,0.08,0.22,Matches
Noah Loosli,ch SUI,DF,Bochum,26,1997,10,2,346,3.8,0,0,0,0,0,0,1,0,0.0,0.0,0.0,0.0,1,6,3,0.00,0.00,0.00,0.00,0.00,0.00,0.00,0.00,0.00,0.00,Matches
Anthony Losilla,fr FRA,MF,Bochum,37,1986,31,31,"2,576",28.6,1,2,3,1,0,0,10,0,2.3,2.3,1.5,3.7,11,100,42,0.03,0.07,0.10,0.03,0.10,0.08,0.05,0.13,0.08,0.13,Matches
Castello Lukeba,fr FRA,DF,RB Leipzig,20,2002,32,24,"2,191",24.3,1,0,1,1,0,0,3,0,0.8,0.8,0.1,0.9,23,107,9,0.04,0.00,0.04,0.04,0.04,0.03,0.01,0.04,0.03,0.04,Matches
Andreas Luthe,de GER,GK,Bochum,36,1987,1,1,90,1.0,0,0,0,0,0,0,0,0,0.0,0.0,0.0,0.0,0,0,0,0.00,0.00,0.00,0.00,0.00,0.00,0.00,0.00,0.00,0.00,Matches
Senne Lynen,be BEL,MF,Werder Bremen,24,1999,32,20,"1,797",20.0,0,3,3,0,0,0,6,0,0.4,0.4,1.8,2.2,10,66,28,0.00,0.15,0.15,0.00,0.15,0.02,0.09,0.11,0.02,0.11,Matches
Ian Maatsen,nl NED,DF,Dortmund,21,2002,16,15,"1,264",14.0,2,2,4,2,0,0,5,0,0.9,0.9,1.4,2.3,41,80,49,0.14,0.14,0.28,0.14,0.28,0.07,0.10,0.17,0.07,0.17,Matches
Matej Maglica,hr CRO,DF,Darmstadt 98,24,1998,26,21,"1,698",18.9,1,0,1,1,0,0,7,2,0.6,0.6,0.7,1.2,11,62,5,0.05,0.00,0.05,0.05,0.05,0.03,0.03,0.06,0.03,0.06,Matches
Arne Maier,de GER,MF,Augsburg,24,1999,22,10,"1,003",11.1,2,4,6,2,0,0,0,0,1.5,1.5,2.3,3.9,17,64,66,0.18,0.36,0.54,0.18,0.54,0.14,0.21,0.35,0.14,0.35,Matches
Linton Maina,de GER,"FW,MF",Köln,24,1999,31,21,"1,901",21.1,1,3,4,1,0,0,4,0,1.9,1.9,3.1,5.0,109,61,169,0.05,0.14,0.19,0.05,0.19,0.09,0.15,0.24,0.09,0.24,Matches
Patrick Mainka,de GER,DF,Heidenheim,28,1994,34,34,"3,060",34.0,2,0,2,2,0,0,1,0,3.2,3.2,0.1,3.2,33,122,6,0.06,0.00,0.06,0.06,0.06,0.09,0.00,0.09,0.09,0.09,Matches
Lovro Majer,hr CRO,"MF,FW",Wolfsburg,25,1998,32,25,"2,106",23.4,5,5,10,3,2,2,5,0,5.4,3.8,3.2,7.0,61,124,140,0.21,0.21,0.43,0.13,0.34,0.23,0.14,0.37,0.16,0.30,Matches
Jordy Makengo,fr FRA,DF,Freiburg,21,2001,20,10,"1,026",11.4,0,0,0,0,0,0,1,0,0.2,0.2,0.2,0.4,27,52,34,0.00,0.00,0.00,0.00,0.00,0.02,0.02,0.04,0.02,0.04,Matches
Julián Malatini,ar ARG,DF,Werder Bremen,22,2001,11,6,602,6.7,1,0,1,1,0,0,1,0,1.0,1.0,0.2,1.2,9,27,7,0.15,0.00,0.15,0.15,0.15,0.15,0.04,0.18,0.15,0.18,Matches
Donyell Malen,nl NED,"FW,MF",Dortmund,24,1999,27,21,"1,781",19.8,13,1,14,13,0,0,5,0,9.5,9.5,3.0,12.5,73,57,163,0.66,0.05,0.71,0.66,0.71,0.48,0.15,0.63,0.48,0.63,Matches
Lennard Maloney,us USA,MF,Heidenheim,23,1999,29,27,"2,284",25.4,1,1,2,1,0,0,1,0,0.8,0.8,1.1,1.8,3,62,17,0.04,0.04,0.08,0.04,0.08,0.03,0.04,0.07,0.03,0.07,Matches
David Mamutovic,de GER,"FW,DF",Mainz 05,22,2000,2,0,11,0.1,0,0,0,0,0,0,0,0,0.0,0.0,0.0,0.0,0,0,0,0.00,0.00,0.00,0.00,0.00,0.00,0.00,0.00,0.00,0.00,Matches
Braydon Manu,gh GHA,MF,Darmstadt 98,26,1997,4,3,171,1.9,0,0,0,0,0,0,1,0,0.4,0.4,0.1,0.4,5,1,9,0.00,0.00,0.00,0.00,0.00,0.19,0.04,0.23,0.19,0.23,Matches
Omar Marmoush,eg EGY,"FW,MF",Eint Frankfurt,24,1999,29,27,"2,301",25.6,12,6,18,10,2,2,7,0,11.6,10.1,4.4,14.5,88,60,165,0.47,0.23,0.70,0.39,0.63,0.46,0.17,0.63,0.39,0.57,Matches
Eric Martel,de GER,MF,Köln,21,2002,30,29,"2,457",27.3,1,1,2,1,0,0,6,0,2.2,2.2,1.1,3.3,21,75,35,0.04,0.04,0.07,0.04,0.07,0.08,0.04,0.12,0.08,0.12,Matches
Erhan Mašović,rs SRB,"DF,MF",Bochum,24,1998,29,24,"2,219",24.7,0,0,0,0,0,0,7,0,1.1,1.1,0.3,1.4,15,47,10,0.00,0.00,0.00,0.00,0.00,0.04,0.01,0.06,0.04,0.06,Matches
Roberto Massimo,de GER,"FW,DF",Stuttgart,22,2000,5,0,84,0.9,0,0,0,0,0,0,1,0,0.0,0.0,0.0,0.0,3,3,6,0.00,0.00,0.00,0.00,0.00,0.00,0.04,0.04,0.00,0.04,Matches
Jean Mattéo Bahoya,fr FRA,"MF,FW",Eint Frankfurt,18,2005,8,1,177,2.0,0,0,0,0,0,0,0,0,0.0,0.0,0.1,0.1,6,3,22,0.00,0.00,0.00,0.00,0.00,0.00,0.03,0.03,0.00,0.03,Matches
Philipp Max,de GER,DF,Eint Frankfurt,29,1993,23,17,"1,350",15.0,1,2,3,1,0,0,2,0,0.2,0.2,2.8,3.0,25,63,56,0.07,0.13,0.20,0.07,0.20,0.02,0.18,0.20,0.02,0.20,Matches
Eric Maxim Choupo-Moting,cm CMR,"MF,FW",Bayern Munich,34,1989,27,7,717,8.0,2,2,4,2,0,0,1,0,4.5,4.5,1.8,6.4,23,21,71,0.25,0.25,0.50,0.25,0.50,0.57,0.23,0.80,0.57,0.80,Matches
Noussair Mazraoui,ma MAR,DF,Bayern Munich,25,1997,19,15,"1,197",13.3,0,3,3,0,0,0,3,0,0.9,0.9,1.8,2.6,34,103,79,0.00,0.23,0.23,0.00,0.23,0.07,0.13,0.20,0.07,0.20,Matches
Kevin Mbabu,ch SUI,DF,Augsburg,28,1995,25,22,"2,047",22.7,0,2,2,0,0,0,5,0,0.1,0.1,1.9,2.1,70,84,106,0.00,0.09,0.09,0.00,0.09,0.01,0.09,0.09,0.01,0.09,Matches
Noah Mbamba,be BEL,MF,Leverkusen,18,2005,3,0,16,0.2,0,1,1,0,0,0,0,0,0.0,0.0,0.6,0.6,1,2,1,0.00,5.63,5.63,0.00,5.63,0.14,3.16,3.30,0.14,3.30,Matches
Nathanael Mbuku,cd COD,FW,Augsburg,21,2002,1,0,5,0.1,0,0,0,0,0,0,0,0,0.0,0.0,0.0,0.1,1,1,4,0.00,0.00,0.00,0.00,0.00,0.56,0.69,1.25,0.56,1.25,Matches
Marvin Mehlem,de GER,MF,Darmstadt 98,25,1997,20,19,"1,482",16.5,3,2,5,3,0,0,3,0,3.8,3.8,1.1,4.9,27,46,73,0.18,0.12,0.30,0.18,0.30,0.23,0.07,0.30,0.23,0.30,Matches
Thomas Meunier,be BEL,DF,Dortmund,31,1991,8,7,586,6.5,0,0,0,0,0,0,0,0,0.5,0.5,0.6,1.2,21,33,25,0.00,0.00,0.00,0.00,0.00,0.08,0.10,0.18,0.08,0.18,Matches
Alexander Meyer,de GER,GK,Dortmund,32,1991,8,7,695,7.7,0,0,0,0,0,0,0,0,0.0,0.0,0.0,0.0,0,1,0,0.00,0.00,0.00,0.00,0.00,0.00,0.00,0.00,0.00,0.00,Matches
Sven Michel,de GER,"FW,MF",Augsburg,33,1990,22,5,583,6.5,2,1,3,1,1,2,2,0,2.4,0.8,0.8,1.7,6,14,44,0.31,0.15,0.46,0.15,0.31,0.37,0.13,0.50,0.13,0.26,Matches
Enzo Millot,fr FRA,"MF,FW",Stuttgart,21,2002,31,27,"2,241",24.9,5,4,9,4,1,1,5,0,5.3,4.5,3.9,8.4,46,127,167,0.20,0.16,0.36,0.16,0.32,0.21,0.16,0.37,0.18,0.34,Matches
Jovan Milošević,rs SRB,"FW,MF",Stuttgart,18,2005,5,0,28,0.3,0,0,0,0,0,0,0,0,0.0,0.0,0.0,0.0,1,1,3,0.00,0.00,0.00,0.00,0.00,0.00,0.00,0.00,0.00,0.00,Matches
Kim Min-jae,kr KOR,DF,Bayern Munich,26,1996,25,22,"1,970",21.9,1,1,2,1,0,0,3,0,0.8,0.8,0.4,1.2,14,131,3,0.05,0.05,0.09,0.05,0.09,0.04,0.02,0.05,0.04,0.05,Matches
Maximilian Mittelstädt,de GER,DF,Stuttgart,26,1997,31,23,"2,103",23.4,2,4,6,2,0,0,5,0,0.9,0.9,4.2,5.1,70,123,129,0.09,0.17,0.26,0.09,0.26,0.04,0.18,0.22,0.04,0.22,Matches
Marko Mladenović,rs SRB,MF,Eint Frankfurt,18,2005,1,0,6,0.1,0,0,0,0,0,0,0,0,0.0,0.0,0.0,0.0,0,0,1,0.00,0.00,0.00,0.00,0.00,0.00,0.00,0.00,0.00,0.00,Matches
Max Moerstedt,de GER,"DF,FW",Hoffenheim,,,1,0,12,0.1,0,0,0,0,0,0,0,0,0.0,0.0,0.0,0.0,0,0,1,0.00,0.00,0.00,0.00,0.00,0.00,0.00,0.00,0.00,0.00,Matches
Mateu Morey,es ESP,DF,Dortmund,23,2000,3,2,110,1.2,0,0,0,0,0,0,0,0,0.0,0.0,0.1,0.1,3,6,4,0.00,0.00,0.00,0.00,0.00,0.03,0.06,0.09,0.03,0.09,Matches
Youssoufa Moukoko,de GER,FW,Dortmund,18,2004,20,4,625,6.9,5,0,5,5,0,0,1,0,3.9,3.9,0.3,4.2,16,15,27,0.72,0.00,0.72,0.72,0.72,0.56,0.05,0.61,0.56,0.61,Matches
Andreas Müller,de GER,MF,Darmstadt 98,23,2000,11,2,349,3.9,0,0,0,0,0,0,3,0,0.1,0.1,0.0,0.1,3,13,7,0.00,0.00,0.00,0.00,0.00,0.03,0.01,0.04,0.03,0.04,Matches
Jannik Müller,de GER,"DF,MF",Darmstadt 98,29,1994,16,12,"1,134",12.6,0,0,0,0,0,0,5,0,0.2,0.2,0.1,0.3,8,31,7,0.00,0.00,0.00,0.00,0.00,0.02,0.01,0.02,0.02,0.02,Matches
Kevin Müller,de GER,GK,Heidenheim,32,1991,34,34,"3,060",34.0,0,0,0,0,0,0,1,0,0.0,0.0,0.0,0.0,0,0,0,0.00,0.00,0.00,0.00,0.00,0.00,0.00,0.00,0.00,0.00,Matches
Marcus Müller,de GER,MF,Mainz 05,20,2002,1,0,18,0.2,0,0,0,0,0,0,0,0,0.1,0.1,0.0,0.1,0,1,0,0.00,0.00,0.00,0.00,0.00,0.26,0.00,0.26,0.26,0.26,Matches
Thomas Müller,de GER,"MF,FW",Bayern Munich,33,1989,31,20,"1,654",18.4,5,9,14,5,0,0,0,0,5.7,5.7,8.4,14.1,38,82,188,0.27,0.49,0.76,0.27,0.76,0.31,0.46,0.77,0.31,0.77,Matches
Jamal Musiala,de GER,"MF,FW",Bayern Munich,20,2003,24,20,"1,755",19.5,10,5,15,10,0,0,2,0,7.9,7.9,6.0,13.9,103,100,163,0.51,0.26,0.77,0.51,0.77,0.40,0.31,0.71,0.40,0.71,Matches
Florent Muslija,xk KVX,"MF,FW",Freiburg,25,1998,10,0,105,1.2,0,0,0,0,0,0,0,0,0.1,0.1,0.6,0.6,6,13,7,0.00,0.00,0.00,0.00,0.00,0.06,0.48,0.54,0.06,0.54,Matches
Phillipp Mwene,at AUT,DF,Mainz 05,29,1994,23,23,"1,996",22.2,1,2,3,1,0,0,4,1,1.4,1.4,2.0,3.4,50,73,93,0.05,0.09,0.14,0.05,0.14,0.06,0.09,0.15,0.06,0.15,Matches
Joakim Mæhle,dk DEN,"DF,MF",Wolfsburg,26,1997,30,27,"2,452",27.2,2,3,5,2,0,0,5,0,1.4,1.4,2.7,4.0,84,119,137,0.07,0.11,0.18,0.07,0.18,0.05,0.10,0.15,0.05,0.15,Matches
Nathan N'Goumou,fr FRA,"FW,MF",Gladbach,23,2000,32,14,"1,385",15.4,5,2,7,5,0,0,1,0,3.8,3.8,1.7,5.5,52,47,150,0.32,0.13,0.45,0.32,0.45,0.24,0.11,0.35,0.24,0.35,Matches
Stanley N'Soki,fr FRA,DF,Hoffenheim,24,1999,11,7,631,7.0,0,0,0,0,0,0,3,1,0.0,0.0,0.1,0.1,7,37,14,0.00,0.00,0.00,0.00,0.00,0.00,0.02,0.02,0.00,0.02,Matches
Luca Netz,de GER,DF,Gladbach,20,2003,30,25,"2,225",24.7,0,4,4,0,0,0,2,0,1.0,1.0,3.0,3.9,46,81,99,0.00,0.16,0.16,0.00,0.16,0.04,0.12,0.16,0.04,0.16,Matches
Manuel Neuer,de GER,GK,Bayern Munich,37,1986,23,23,"2,053",22.8,0,0,0,0,0,0,1,0,0.0,0.0,0.0,0.0,0,8,0,0.00,0.00,0.00,0.00,0.00,0.00,0.00,0.00,0.00,0.00,Matches
Florian Neuhaus,de GER,MF,Gladbach,26,1997,25,15,"1,224",13.6,4,2,6,3,1,1,4,0,4.3,3.5,1.8,5.4,30,74,43,0.29,0.15,0.44,0.22,0.37,0.32,0.13,0.45,0.26,0.39,Matches
Jessic Ngankam,de GER,"FW,MF",Mainz 05,23,2000,7,2,184,2.0,0,0,0,0,0,0,0,1,0.6,0.6,0.3,0.9,3,1,11,0.00,0.00,0.00,0.00,0.00,0.29,0.14,0.43,0.29,0.43,Matches
Jessic Ngankam,de GER,FW,Eint Frankfurt,23,2000,15,2,280,3.1,0,0,0,0,0,1,2,0,1.5,0.7,0.0,0.7,2,1,17,0.00,0.00,0.00,0.00,0.00,0.48,0.01,0.49,0.23,0.24,Matches
Moritz Nicolas,de GER,GK,Gladbach,25,1997,27,27,"2,430",27.0,0,0,0,0,0,0,2,0,0.0,0.0,0.0,0.0,0,0,0,0.00,0.00,0.00,0.00,0.00,0.00,0.00,0.00,0.00,0.00,Matches
Justin Njinmah,de GER,FW,Werder Bremen,22,2000,24,10,"1,016",11.3,6,2,8,6,0,0,1,0,4.9,4.9,2.4,7.3,36,13,95,0.53,0.18,0.71,0.53,0.71,0.44,0.21,0.65,0.44,0.65,Matches
Niels Nkounkou,fr FRA,"DF,MF",Eint Frankfurt,22,2000,29,13,"1,309",14.5,3,2,5,3,0,0,5,1,1.3,1.3,2.2,3.5,55,61,62,0.21,0.14,0.34,0.21,0.34,0.09,0.15,0.24,0.09,0.24,Matches
Felix Nmecha,de GER,MF,Dortmund,22,2000,20,10,"1,021",11.3,1,2,3,1,0,0,3,0,1.7,1.7,0.9,2.6,19,45,28,0.09,0.18,0.26,0.09,0.26,0.15,0.08,0.23,0.15,0.23,Matches
Lukas Nmecha,de GER,FW,Wolfsburg,24,1998,3,0,42,0.5,1,0,1,1,0,0,0,0,0.1,0.1,0.0,0.2,0,1,5,2.14,0.00,2.14,2.14,2.14,0.31,0.05,0.35,0.31,0.35,Matches
Jonathan Norbye,no NOR,MF,RB Leipzig,16,2007,1,0,1,0.0,0,0,0,0,0,0,0,0,0.0,0.0,0.0,0.0,0,0,0,0.00,0.00,0.00,0.00,0.00,0.00,0.00,0.00,0.00,0.00,Matches
Alexander Nübel,de GER,GK,Stuttgart,26,1996,30,30,"2,700",30.0,0,0,0,0,0,0,1,0,0.0,0.0,0.0,0.0,0,1,0,0.00,0.00,0.00,0.00,0.00,0.00,0.00,0.00,0.00,0.00,Matches
Kasim Nuhu,gh GHA,DF,Hoffenheim,28,1995,1,0,5,0.1,0,0,0,0,0,0,0,0,0.0,0.0,0.0,0.0,0,0,0,0.00,0.00,0.00,0.00,0.00,0.00,0.00,0.00,0.00,0.00,Matches
Fabian Nürnberger,bg BUL,"DF,MF",Darmstadt 98,24,1999,21,17,"1,513",16.8,1,1,2,1,0,0,2,0,0.9,0.9,2.0,3.0,35,70,91,0.06,0.06,0.12,0.06,0.12,0.05,0.12,0.18,0.05,0.18,Matches
Tim Oermann,de GER,DF,Bochum,19,2003,16,8,714,7.9,0,0,0,0,0,0,2,0,0.1,0.1,0.3,0.4,6,25,7,0.00,0.00,0.00,0.00,0.00,0.01,0.04,0.05,0.01,0.05,Matches
Masaya Okugawa,jp JPN,"FW,DF",Augsburg,27,1996,2,0,32,0.4,0,0,0,0,0,0,0,0,0.0,0.0,0.0,0.0,0,1,2,0.00,0.00,0.00,0.00,0.00,0.00,0.00,0.00,0.00,0.00,Matches
Finn Ole Becker,de GER,MF,Hoffenheim,23,2000,22,5,606,6.7,0,0,0,0,0,0,1,0,0.2,0.2,0.4,0.6,16,36,23,0.00,0.00,0.00,0.00,0.00,0.04,0.06,0.09,0.04,0.09,Matches
Mathias Olesen,lu LUX,"MF,FW",Köln,22,2001,6,0,112,1.2,0,0,0,0,0,0,2,1,0.0,0.0,0.0,0.0,2,7,2,0.00,0.00,0.00,0.00,0.00,0.02,0.01,0.03,0.02,0.03,Matches
Dani Olmo,es ESP,MF,RB Leipzig,25,1998,21,17,"1,449",16.1,4,5,9,4,0,0,0,0,3.3,3.3,5.4,8.8,60,68,111,0.25,0.31,0.56,0.25,0.56,0.21,0.34,0.55,0.21,0.55,Matches
Jonas Omlin,ch SUI,GK,Gladbach,29,1994,7,7,630,7.0,0,1,1,0,0,0,1,0,0.0,0.0,0.4,0.4,0,0,0,0.00,0.14,0.14,0.00,0.14,0.00,0.05,0.05,0.00,0.05,Matches
Karim Onisiwo,at AUT,"FW,MF",Mainz 05,31,1992,24,17,"1,493",16.6,1,3,4,1,0,0,1,0,2.3,2.3,1.3,3.7,26,27,111,0.06,0.18,0.24,0.06,0.24,0.14,0.08,0.22,0.14,0.22,Matches
Loïs Openda,be BEL,FW,RB Leipzig,23,2000,34,33,"2,697",30.0,24,7,31,22,2,3,4,0,22.1,19.7,5.8,25.5,77,45,226,0.80,0.23,1.03,0.73,0.97,0.74,0.19,0.93,0.66,0.85,Matches
Leon Opitz,de GER,"FW,DF",Werder Bremen,18,2005,3,0,18,0.2,0,0,0,0,0,0,0,0,0.0,0.0,0.0,0.0,1,0,2,0.00,0.00,0.00,0.00,0.00,0.00,0.00,0.00,0.00,0.00,Matches
Willi Orban,hu HUN,DF,RB Leipzig,30,1992,19,18,"1,582",17.6,0,0,0,0,0,0,2,0,0.4,0.4,0.4,0.8,7,97,10,0.00,0.00,0.00,0.00,0.00,0.02,0.02,0.04,0.02,0.04,Matches
Ivan Ordets,ua UKR,DF,Bochum,31,1992,24,21,"1,880",20.9,1,0,1,1,0,0,4,0,1.3,1.3,0.5,1.8,5,44,7,0.05,0.00,0.05,0.05,0.05,0.06,0.02,0.09,0.06,0.09,Matches
Patrick Osterhage,de GER,MF,Bochum,23,2000,24,21,"1,861",20.7,2,1,3,2,0,0,5,0,1.4,1.4,0.8,2.2,26,64,65,0.10,0.05,0.15,0.10,0.15,0.07,0.04,0.11,0.07,0.11,Matches
Salih Özcan,tr TUR,MF,Dortmund,25,1998,23,13,"1,184",13.2,0,0,0,0,0,0,3,0,0.2,0.2,1.0,1.2,16,57,24,0.00,0.00,0.00,0.00,0.00,0.01,0.08,0.09,0.01,0.09,Matches
Willian Pacho,ec ECU,DF,Eint Frankfurt,21,2001,33,33,"2,970",33.0,0,3,3,0,0,0,7,0,1.2,1.2,1.1,2.3,22,148,4,0.00,0.09,0.09,0.00,0.09,0.04,0.03,0.07,0.04,0.07,Matches
Gonçalo Paciência,pt POR,"FW,MF",Bochum,28,1994,19,6,650,7.2,3,1,4,3,0,0,3,0,3.0,3.0,1.3,4.3,9,21,50,0.42,0.14,0.55,0.42,0.55,0.41,0.18,0.59,0.41,0.59,Matches
Exequiel Palacios,ar ARG,MF,Leverkusen,24,1998,24,21,"1,831",20.3,4,4,8,2,2,2,6,0,3.3,1.8,3.8,5.5,24,162,45,0.20,0.20,0.39,0.10,0.29,0.16,0.19,0.35,0.09,0.27,Matches
Miloš Pantović,rs SRB,MF,Union Berlin,27,1996,1,0,15,0.2,1,0,1,1,0,0,0,0,0.8,0.8,0.0,0.8,1,0,1,6.00,0.00,6.00,6.00,6.00,4.55,0.00,4.55,4.55,4.55,Matches
Antonios Papadopoulos,de GER,DF,Dortmund,23,1999,2,1,117,1.3,0,0,0,0,0,0,0,0,0.0,0.0,0.0,0.0,0,1,0,0.00,0.00,0.00,0.00,0.00,0.00,0.00,0.00,0.00,0.00,Matches
Merveille Papela,de GER,"MF,DF",Mainz 05,22,2001,11,3,257,2.9,0,0,0,0,0,0,1,0,0.3,0.3,0.3,0.6,6,12,10,0.00,0.00,0.00,0.00,0.00,0.11,0.11,0.22,0.11,0.22,Matches
Leart Paqarada,xk KVX,DF,Köln,28,1994,17,11,"1,075",11.9,0,0,0,0,0,0,0,0,0.4,0.4,1.7,2.1,26,45,29,0.00,0.00,0.00,0.00,0.00,0.03,0.14,0.17,0.03,0.17,Matches
Kevin Paredes,us USA,"FW,MF",Wolfsburg,20,2003,28,15,"1,432",15.9,3,0,3,3,0,0,4,0,3.0,3.0,1.4,4.3,34,50,112,0.19,0.00,0.19,0.19,0.19,0.19,0.09,0.27,0.19,0.27,Matches
Felix Passlack,de GER,DF,Bochum,25,1998,15,13,960,10.7,2,2,4,2,0,0,2,1,0.9,0.9,1.2,2.1,10,27,42,0.19,0.19,0.37,0.19,0.37,0.08,0.11,0.20,0.08,0.20,Matches
Jiří Pavlenka,cz CZE,GK,Werder Bremen,31,1992,7,7,630,7.0,0,0,0,0,0,0,0,0,0.0,0.0,0.0,0.0,0,0,0,0.00,0.00,0.00,0.00,0.00,0.00,0.00,0.00,0.00,0.00,Matches
Aleksandar Pavlovic,de GER,MF,Bayern Munich,19,2004,19,14,"1,227",13.6,2,2,4,2,0,0,6,0,1.2,1.2,1.0,2.2,14,105,14,0.15,0.15,0.29,0.15,0.29,0.09,0.07,0.16,0.09,0.16,Matches
Mads Pedersen,dk DEN,DF,Augsburg,26,1996,27,19,"1,786",19.8,1,1,2,1,0,0,5,1,0.8,0.8,1.5,2.3,56,66,79,0.05,0.05,0.10,0.05,0.10,0.04,0.07,0.12,0.04,0.12,Matches
Jordan Pefok,us USA,FW,Gladbach,27,1996,25,18,"1,420",15.8,5,3,8,5,0,0,2,0,6.5,6.5,2.5,8.9,5,22,73,0.32,0.19,0.51,0.32,0.51,0.41,0.16,0.57,0.41,0.57,Matches
Jordan Pefok,us USA,FW,Union Berlin,27,1996,1,0,27,0.3,0,0,0,0,0,0,0,0,0.0,0.0,0.1,0.1,0,0,1,0.00,0.00,0.00,0.00,0.00,0.00,0.40,0.40,0.00,0.40,Matches
Dženan Pejčinović,de GER,FW,Wolfsburg,18,2005,4,0,37,0.4,0,0,0,0,0,0,1,0,0.1,0.1,0.1,0.3,1,0,2,0.00,0.00,0.00,0.00,0.00,0.29,0.34,0.63,0.29,0.63,Matches
Daniel Peretz,il ISR,GK,Bayern Munich,23,2000,1,0,17,0.2,0,0,0,0,0,0,0,0,0.0,0.0,0.0,0.0,0,0,0,0.00,0.00,0.00,0.00,0.00,0.00,0.00,0.00,0.00,0.00,Matches
Matteo Perez Vinlöf,se SWE,FW,Bayern Munich,17,2005,1,0,16,0.2,0,0,0,0,0,0,0,0,0.0,0.0,0.0,0.0,0,0,1,0.00,0.00,0.00,0.00,0.00,0.00,0.00,0.00,0.00,0.00,Matches
Pavao Pervan,at AUT,GK,Wolfsburg,35,1987,9,9,810,9.0,0,0,0,0,0,0,1,0,0.0,0.0,0.0,0.0,0,0,0,0.00,0.00,0.00,0.00,0.00,0.00,0.00,0.00,0.00,0.00,Matches
Jens Petter Hauge,no NOR,"MF,FW",Eint Frankfurt,23,1999,10,0,147,1.6,0,0,0,0,0,0,0,0,0.1,0.1,0.1,0.1,7,6,15,0.00,0.00,0.00,0.00,0.00,0.04,0.05,0.09,0.04,0.09,Matches
Luca Pfeiffer,de GER,"FW,MF",Darmstadt 98,26,1996,24,20,"1,619",18.0,1,4,5,1,0,0,3,0,4.6,4.6,1.7,6.3,15,37,81,0.06,0.22,0.28,0.06,0.28,0.26,0.09,0.35,0.26,0.35,Matches
Patric Pfeiffer,de GER,DF,Augsburg,23,1999,11,4,511,5.7,0,1,1,0,0,0,0,0,0.5,0.5,0.8,1.3,1,19,4,0.00,0.18,0.18,0.00,0.18,0.09,0.14,0.22,0.09,0.22,Matches
Maximilian Philipp,de GER,"FW,MF",Freiburg,29,1994,17,1,323,3.6,1,0,1,1,0,0,2,0,0.5,0.5,0.4,0.9,3,6,28,0.28,0.00,0.28,0.28,0.28,0.14,0.11,0.25,0.14,0.25,Matches
Florian Pick,de GER,"MF,FW",Heidenheim,27,1995,22,1,327,3.6,0,1,1,0,0,0,2,0,0.3,0.3,0.8,1.1,12,12,34,0.00,0.28,0.28,0.00,0.28,0.08,0.21,0.29,0.08,0.29,Matches
Amos Pieper,de GER,DF,Werder Bremen,25,1998,7,7,590,6.6,0,0,0,0,0,0,0,0,0.5,0.5,0.8,1.2,3,24,3,0.00,0.00,0.00,0.00,0.00,0.07,0.12,0.19,0.07,0.19,Matches
Marvin Pieringer,de GER,"MF,FW",Heidenheim,23,1999,31,18,"1,513",16.8,3,3,6,3,0,0,5,0,2.3,2.3,2.1,4.4,28,41,72,0.18,0.18,0.36,0.18,0.36,0.14,0.13,0.26,0.14,0.26,Matches
Alassane Pléa,fr FRA,"FW,MF",Gladbach,30,1993,27,24,"1,913",21.3,7,4,11,6,1,1,1,0,7.0,6.2,4.0,10.2,56,115,157,0.33,0.19,0.52,0.28,0.47,0.33,0.19,0.52,0.29,0.48,Matches
Ole Pohlmann,de GER,MF,Dortmund,22,2001,2,0,54,0.6,0,0,0,0,0,0,0,0,0.1,0.1,0.1,0.1,0,0,4,0.00,0.00,0.00,0.00,0.00,0.09,0.10,0.19,0.09,0.19,Matches
Sebastian Polter,de GER,FW,Darmstadt 98,32,1991,9,4,446,5.0,0,1,1,0,0,0,0,0,1.0,1.0,0.6,1.5,5,13,26,0.00,0.20,0.20,0.00,0.20,0.20,0.11,0.31,0.20,0.31,Matches
Yussuf Poulsen,dk DEN,FW,RB Leipzig,29,1994,28,12,"1,217",13.5,5,2,7,5,0,0,0,0,5.7,5.7,1.0,6.8,11,16,78,0.37,0.15,0.52,0.37,0.52,0.43,0.08,0.50,0.43,0.50,Matches
Grischa Prömel,de GER,MF,Hoffenheim,28,1995,28,27,"2,139",23.8,4,5,9,4,0,0,10,1,3.8,3.8,2.8,6.6,35,96,60,0.17,0.21,0.38,0.17,0.38,0.16,0.12,0.28,0.16,0.28,Matches
Gustavo Puerta,co COL,"DF,MF",Leverkusen,20,2003,7,0,46,0.5,0,0,0,0,0,0,0,0,0.1,0.1,0.1,0.2,1,8,1,0.00,0.00,0.00,0.00,0.00,0.18,0.16,0.34,0.18,0.34,Matches
Luca Raimund,de GER,"FW,MF",Stuttgart,18,2005,3,0,30,0.3,0,0,0,0,0,0,1,0,0.9,0.9,0.0,0.9,0,1,2,0.00,0.00,0.00,0.00,0.00,2.79,0.00,2.79,2.79,2.79,Matches
Grant Ranos,am ARM,"MF,FW",Gladbach,20,2003,9,0,49,0.5,0,0,0,0,0,0,0,0,0.3,0.3,0.0,0.3,0,3,4,0.00,0.00,0.00,0.00,0.00,0.45,0.00,0.45,0.45,0.45,Matches
Nicolai Rapp,de GER,DF,Werder Bremen,26,1996,2,1,76,0.8,0,0,0,0,0,0,1,0,0.0,0.0,0.0,0.0,1,2,0,0.00,0.00,0.00,0.00,0.00,0.00,0.00,0.00,0.00,0.00,Matches
David Raum,de GER,DF,RB Leipzig,25,1998,31,31,"2,739",30.4,2,8,10,2,0,0,6,0,0.8,0.8,7.3,8.0,77,131,246,0.07,0.26,0.33,0.07,0.33,0.02,0.24,0.26,0.02,0.26,Matches
Rocco Reitz,de GER,MF,Gladbach,21,2002,34,24,"2,136",23.7,6,3,9,6,0,0,2,0,3.7,3.7,2.4,6.0,41,110,58,0.25,0.13,0.38,0.25,0.38,0.15,0.10,0.25,0.15,0.25,Matches
Marco Reus,de GER,"MF,FW",Dortmund,34,1989,26,18,"1,601",17.8,6,8,14,6,0,0,2,0,6.5,6.5,5.1,11.7,31,64,89,0.34,0.45,0.79,0.34,0.79,0.37,0.29,0.65,0.37,0.65,Matches
Elvis Rexhbeçaj,xk KVX,MF,Augsburg,25,1997,25,24,"1,985",22.1,2,0,2,1,1,1,4,0,1.7,1.0,0.5,1.5,15,91,51,0.09,0.00,0.09,0.05,0.05,0.08,0.02,0.10,0.04,0.07,Matches
Gio Reyna,us USA,"MF,FW",Dortmund,20,2002,11,1,280,3.1,0,0,0,0,0,0,1,0,0.8,0.8,0.8,1.6,8,20,19,0.00,0.00,0.00,0.00,0.00,0.27,0.25,0.52,0.27,0.52,Matches
Marco Richter,de GER,"MF,FW",Mainz 05,25,1997,20,7,717,8.0,1,0,1,1,0,0,3,0,1.9,1.9,1.3,3.2,20,30,53,0.13,0.00,0.13,0.13,0.13,0.24,0.16,0.40,0.24,0.40,Matches
Clemens Riedel,de GER,DF,Darmstadt 98,20,2003,14,9,755,8.4,0,0,0,0,0,0,2,0,0.3,0.3,0.7,1.0,4,47,27,0.00,0.00,0.00,0.00,0.00,0.03,0.08,0.12,0.03,0.12,Matches
Manuel Riemann,de GER,GK,Bochum,34,1988,33,33,"2,970",33.0,0,0,0,0,0,0,5,0,0.0,0.0,0.2,0.2,0,19,0,0.00,0.00,0.00,0.00,0.00,0.00,0.01,0.01,0.00,0.01,Matches
Sebastian Rode,de GER,MF,Eint Frankfurt,32,1990,8,1,61,0.7,0,0,0,0,0,0,0,0,0.0,0.0,0.1,0.1,3,11,4,0.00,0.00,0.00,0.00,0.00,0.00,0.09,0.09,0.00,0.09,Matches
Rogério,br BRA,DF,Wolfsburg,25,1998,13,10,906,10.1,1,0,1,1,0,0,0,0,0.3,0.3,0.4,0.7,27,57,42,0.10,0.00,0.10,0.10,0.10,0.03,0.04,0.07,0.03,0.07,Matches
Merlin Röhl,de GER,"MF,FW",Freiburg,21,2002,24,17,"1,477",16.4,2,4,6,2,0,0,3,1,2.0,2.0,2.5,4.5,44,38,87,0.12,0.24,0.37,0.12,0.37,0.12,0.15,0.28,0.12,0.28,Matches
Frank Ronstadt,de GER,"DF,MF",Darmstadt 98,26,1997,4,0,76,0.8,0,0,0,0,0,0,0,0,0.1,0.1,0.1,0.2,3,2,4,0.00,0.00,0.00,0.00,0.00,0.09,0.12,0.21,0.09,0.21,Matches
Anthony Rouault,fr FRA,DF,Stuttgart,22,2001,22,11,"1,010",11.2,0,2,2,0,0,0,3,0,0.1,0.1,0.8,0.9,8,68,10,0.00,0.18,0.18,0.00,0.18,0.01,0.07,0.08,0.01,0.08,Matches
Jérôme Roussillon,fr FRA,DF,Union Berlin,30,1993,23,8,752,8.4,0,1,1,0,0,0,2,0,0.3,0.3,0.6,0.9,10,38,29,0.00,0.12,0.12,0.00,0.12,0.04,0.07,0.11,0.04,0.11,Matches
Fabian Rüdlin,de GER,MF,Freiburg,26,1997,1,0,7,0.1,0,0,0,0,0,0,0,0,0.0,0.0,0.0,0.0,0,1,0,0.00,0.00,0.00,0.00,0.00,0.00,0.00,0.00,0.00,0.00,Matches
Julian Ryerson,no NOR,DF,Dortmund,25,1997,21,20,"1,767",19.6,4,1,5,4,0,0,3,0,1.8,1.8,2.7,4.5,41,64,118,0.20,0.05,0.25,0.20,0.25,0.09,0.14,0.23,0.09,0.23,Matches
Frederik Rønnow,dk DEN,GK,Union Berlin,30,1992,33,33,"2,970",33.0,0,0,0,0,0,0,2,0,0.1,0.1,0.1,0.2,0,1,0,0.00,0.00,0.00,0.00,0.00,0.00,0.00,0.01,0.00,0.01,Matches
Marcel Sabitzer,at AUT,MF,Dortmund,29,1994,25,23,"1,961",21.8,4,3,7,3,1,1,3,1,3.6,2.8,1.8,4.6,39,111,69,0.18,0.14,0.32,0.14,0.28,0.16,0.08,0.25,0.13,0.21,Matches
Roland Sallai,hu HUN,"MF,FW",Freiburg,26,1997,27,22,"1,840",20.4,3,2,5,3,0,1,6,0,7.9,7.1,3.5,10.6,47,41,139,0.15,0.10,0.24,0.15,0.24,0.39,0.17,0.56,0.35,0.52,Matches
Diadie Samassékou,ml MLI,MF,Hoffenheim,27,1996,1,0,1,0.0,0,0,0,0,0,0,0,0,0.0,0.0,0.0,0.0,0,0,0,0.00,0.00,0.00,0.00,0.00,0.00,0.00,0.00,0.00,0.00,Matches
Jadon Sancho,eng ENG,"FW,MF",Dortmund,23,2000,14,11,947,10.5,2,2,4,2,0,0,1,0,0.7,0.7,3.0,3.7,61,62,114,0.19,0.19,0.38,0.19,0.38,0.07,0.28,0.35,0.07,0.35,Matches
Leroy Sané,de GER,FW,Bayern Munich,27,1996,27,25,"2,137",23.7,8,11,19,8,0,0,4,0,10.9,10.9,10.8,21.8,121,113,274,0.34,0.46,0.80,0.34,0.80,0.46,0.46,0.92,0.46,0.92,Matches
Amin Sarr,se SWE,"FW,MF",Wolfsburg,22,2001,14,2,386,4.3,0,0,0,0,0,0,0,0,0.6,0.6,0.2,0.7,3,12,26,0.00,0.00,0.00,0.00,0.00,0.13,0.04,0.17,0.13,0.17,Matches
Bouna Sarr,sn SEN,DF,Bayern Munich,31,1992,2,1,106,1.2,0,0,0,0,0,0,0,0,0.2,0.2,0.0,0.2,3,2,4,0.00,0.00,0.00,0.00,0.00,0.19,0.00,0.19,0.19,0.19,Matches
Joe Scally,us USA,DF,Gladbach,20,2002,31,25,"2,236",24.8,1,4,5,1,0,0,4,0,0.6,0.6,1.4,1.9,39,75,75,0.04,0.16,0.20,0.04,0.20,0.02,0.06,0.08,0.02,0.08,Matches
András Schäfer,hu HUN,MF,Union Berlin,24,1999,20,14,"1,214",13.5,1,2,3,1,0,0,1,1,1.8,1.8,1.5,3.2,37,59,71,0.07,0.15,0.22,0.07,0.22,0.13,0.11,0.24,0.13,0.24,Matches
Patrik Schick,cz CZE,FW,Leverkusen,27,1996,20,12,"1,063",11.8,7,0,7,6,1,1,1,0,6.0,5.3,1.0,6.2,7,17,88,0.59,0.00,0.59,0.51,0.51,0.51,0.08,0.59,0.44,0.53,Matches
Stefan Schimmer,de GER,"MF,FW",Heidenheim,29,1994,16,0,153,1.7,0,1,1,0,0,0,0,0,0.6,0.6,0.9,1.5,1,2,12,0.00,0.59,0.59,0.00,0.59,0.34,0.51,0.85,0.34,0.85,Matches
Xaver Schlager,at AUT,MF,RB Leipzig,25,1997,29,29,"2,477",27.5,0,5,5,0,0,0,7,0,1.1,1.1,2.6,3.6,73,230,45,0.00,0.18,0.18,0.00,0.18,0.04,0.09,0.13,0.04,0.13,Matches
Keven Schlotterbeck,de GER,DF,Bochum,26,1997,27,24,"2,185",24.3,5,1,6,5,0,0,9,0,2.0,2.0,0.6,2.7,9,93,15,0.21,0.04,0.25,0.21,0.25,0.08,0.03,0.11,0.08,0.11,Matches
Nico Schlotterbeck,de GER,DF,Dortmund,23,1999,33,32,"2,859",31.8,2,1,3,2,0,0,4,0,3.0,3.0,1.9,4.9,55,186,11,0.06,0.03,0.09,0.06,0.09,0.10,0.06,0.15,0.10,0.15,Matches
Romano Schmid,at AUT,"MF,FW",Werder Bremen,23,2000,33,30,"2,601",28.9,4,6,10,4,0,0,5,0,5.2,5.2,6.3,11.5,75,144,165,0.14,0.21,0.35,0.14,0.35,0.18,0.22,0.40,0.18,0.40,Matches
Kenneth Schmidt,de GER,DF,Freiburg,21,2002,5,0,68,0.8,0,0,0,0,0,0,0,0,0.0,0.0,0.1,0.1,2,4,3,0.00,0.00,0.00,0.00,0.00,0.02,0.09,0.12,0.02,0.12,Matches
Benno Schmitz,de GER,DF,Köln,28,1994,22,13,"1,155",12.8,0,1,1,0,0,0,5,0,0.2,0.2,0.3,0.5,27,70,47,0.00,0.08,0.08,0.00,0.08,0.02,0.02,0.04,0.02,0.04,Matches
Fabian Schnellhardt,de GER,MF,Darmstadt 98,29,1994,10,2,235,2.6,0,0,0,0,0,0,1,0,0.2,0.2,0.1,0.3,6,15,9,0.00,0.00,0.00,0.00,0.00,0.08,0.02,0.11,0.08,0.11,Matches
Jan Schöppner,de GER,MF,Heidenheim,24,1999,26,23,"1,998",22.2,2,2,4,2,0,0,3,0,1.1,1.1,1.5,2.6,16,72,32,0.09,0.09,0.18,0.09,0.18,0.05,0.07,0.12,0.05,0.12,Matches
Marcel Schuhen,de GER,GK,Darmstadt 98,30,1993,31,31,"2,790",31.0,0,0,0,0,0,0,2,0,0.0,0.0,0.0,0.0,0,5,0,0.00,0.00,0.00,0.00,0.00,0.00,0.00,0.00,0.00,0.00,Matches
Marvin Schwäbe,de GER,GK,Köln,28,1995,34,34,"3,060",34.0,0,0,0,0,0,0,0,0,0.0,0.0,0.1,0.1,0,3,0,0.00,0.00,0.00,0.00,0.00,0.00,0.00,0.00,0.00,0.00,Matches
Alexander Schwolow,de GER,GK,Union Berlin,31,1992,1,1,90,1.0,0,0,0,0,0,0,0,0,0.0,0.0,0.0,0.0,0,0,0,0.00,0.00,0.00,0.00,0.00,0.00,0.00,0.00,0.00,0.00,Matches
Nicolas Seiwald,at AUT,MF,RB Leipzig,22,2001,21,6,718,8.0,0,2,2,0,0,0,1,0,0.0,0.0,0.3,0.3,3,33,4,0.00,0.25,0.25,0.00,0.25,0.00,0.04,0.04,0.00,0.04,Matches
Davie Selke,de GER,FW,Köln,28,1995,19,16,"1,265",14.1,6,0,6,6,0,0,3,0,4.8,4.8,0.4,5.2,9,17,46,0.43,0.00,0.43,0.43,0.43,0.34,0.03,0.37,0.34,0.37,Matches
Benjamin Šeško,si SVN,FW,RB Leipzig,20,2003,31,17,"1,526",17.0,14,2,16,14,0,0,0,0,7.7,7.7,1.1,8.8,21,22,98,0.83,0.12,0.94,0.83,0.94,0.45,0.07,0.52,0.45,0.52,Matches
Kevin Sessa,de GER,"MF,FW",Heidenheim,23,2000,30,7,"1,011",11.2,3,0,3,3,0,0,1,0,2.9,2.9,1.3,4.2,29,51,48,0.27,0.00,0.27,0.27,0.27,0.25,0.12,0.37,0.25,0.37,Matches
Aaron Seydel,de GER,FW,Darmstadt 98,27,1996,16,5,619,6.9,1,0,1,1,0,0,1,0,1.0,1.0,0.7,1.7,7,10,35,0.15,0.00,0.15,0.15,0.15,0.15,0.10,0.25,0.15,0.25,Matches
Tim Siersleben,de GER,DF,Heidenheim,23,2000,14,10,910,10.1,0,0,0,0,0,0,1,0,0.2,0.2,0.5,0.7,12,48,1,0.00,0.00,0.00,0.00,0.00,0.02,0.05,0.07,0.02,0.07,Matches
Kiliann Sildillia,fr FRA,DF,Freiburg,21,2002,27,20,"1,806",20.1,0,1,1,0,0,0,2,1,0.6,0.6,0.8,1.4,22,70,58,0.00,0.05,0.05,0.00,0.05,0.03,0.04,0.07,0.03,0.07,Matches
Mohamed Simakan,fr FRA,DF,RB Leipzig,23,2000,32,23,"2,138",23.8,2,3,5,2,0,0,8,0,3.9,3.9,3.3,7.2,34,106,76,0.08,0.13,0.21,0.08,0.21,0.16,0.14,0.30,0.16,0.30,Matches
Xavi Simons,nl NED,MF,RB Leipzig,20,2003,32,32,"2,653",29.5,8,11,19,7,1,2,11,1,8.3,6.7,9.8,16.4,151,187,216,0.27,0.37,0.64,0.24,0.61,0.28,0.33,0.61,0.23,0.56,Matches
Tim Skarke,de GER,"FW,DF",Darmstadt 98,26,1996,30,29,"2,404",26.7,8,0,8,8,0,0,7,0,3.6,3.6,2.1,5.7,61,80,190,0.30,0.00,0.30,0.30,0.30,0.13,0.08,0.21,0.13,0.21,Matches
Ellyes Skhiri,tn TUN,MF,Eint Frankfurt,28,1995,27,24,"2,168",24.1,2,2,4,2,0,0,1,0,2.3,2.3,1.0,3.3,10,110,28,0.08,0.08,0.17,0.08,0.17,0.10,0.04,0.14,0.10,0.14,Matches
Robert Skov,dk DEN,"DF,FW",Hoffenheim,27,1996,25,14,"1,260",14.0,3,4,7,3,0,0,2,0,1.8,1.8,1.9,3.7,28,71,92,0.21,0.29,0.50,0.21,0.50,0.13,0.14,0.26,0.13,0.26,Matches
Hrvoje Smolčić,hr CRO,DF,Eint Frankfurt,22,2000,11,3,347,3.9,1,0,1,1,0,0,0,0,1.0,1.0,0.0,1.0,0,14,0,0.26,0.00,0.26,0.26,0.26,0.26,0.01,0.27,0.26,0.27,Matches
Danilo Soares,br BRA,DF,Bochum,31,1991,5,3,351,3.9,0,0,0,0,0,0,0,0,0.0,0.0,0.1,0.1,3,15,8,0.00,0.00,0.00,0.00,0.00,0.01,0.03,0.04,0.01,0.04,Matches
Borna Sosa,hr CRO,"FW,DF",Stuttgart,25,1998,2,0,46,0.5,0,0,0,0,0,0,0,0,0.0,0.0,0.3,0.3,5,2,10,0.00,0.00,0.00,0.00,0.00,0.06,0.57,0.63,0.06,0.63,Matches
Anton Stach,de GER,MF,Hoffenheim,24,1998,31,26,"2,321",25.8,2,3,5,2,0,0,4,0,1.7,1.7,3.5,5.2,49,143,46,0.08,0.12,0.19,0.08,0.19,0.07,0.13,0.20,0.07,0.20,Matches
Anton Stach,de GER,MF,Mainz 05,24,1998,2,2,170,1.9,0,0,0,0,0,0,0,0,0.2,0.2,0.1,0.3,3,8,10,0.00,0.00,0.00,0.00,0.00,0.10,0.06,0.16,0.10,0.16,Matches
Jens Stage,dk DEN,MF,Werder Bremen,26,1996,30,26,"2,327",25.9,3,1,4,3,0,0,5,1,4.4,4.4,1.9,6.3,24,85,60,0.12,0.04,0.15,0.12,0.15,0.17,0.07,0.24,0.17,0.24,Matches
Josip Stanišić,hr CRO,DF,Leverkusen,23,2000,20,13,"1,261",14.0,3,1,4,3,0,0,3,0,0.8,0.8,1.7,2.4,49,92,63,0.21,0.07,0.29,0.21,0.29,0.05,0.12,0.17,0.05,0.17,Matches
Niklas Stark,de GER,DF,Werder Bremen,28,1995,17,12,"1,088",12.1,2,0,2,2,0,0,4,0,0.2,0.2,0.0,0.2,5,37,1,0.17,0.00,0.17,0.17,0.17,0.02,0.00,0.02,0.02,0.02,Matches
Pascal Stenzel,de GER,DF,Stuttgart,27,1996,23,14,"1,064",11.8,0,5,5,0,0,0,3,1,0.3,0.3,3.2,3.5,34,85,46,0.00,0.42,0.42,0.00,0.42,0.03,0.27,0.29,0.03,0.29,Matches
Leonidas Stergiou,ch SUI,DF,Stuttgart,21,2002,15,6,594,6.6,1,0,1,1,0,0,0,0,0.4,0.4,0.4,0.8,6,17,22,0.15,0.00,0.15,0.15,0.15,0.05,0.06,0.11,0.05,0.11,Matches
Angelo Stiller,de GER,MF,Hoffenheim,22,2001,1,1,84,0.9,0,0,0,0,0,0,0,0,0.1,0.1,0.0,0.1,2,7,3,0.00,0.00,0.00,0.00,0.00,0.09,0.03,0.12,0.09,0.12,Matches
Angelo Stiller,de GER,MF,Stuttgart,22,2001,31,30,"2,694",29.9,1,5,6,1,0,0,5,0,1.6,1.6,5.1,6.7,37,220,71,0.03,0.17,0.20,0.03,0.20,0.05,0.17,0.22,0.05,0.22,Matches
Kevin Stöger,at AUT,MF,Bochum,29,1993,32,32,"2,668",29.6,7,10,17,3,4,4,8,0,6.2,3.1,9.9,12.9,81,283,139,0.24,0.34,0.57,0.10,0.44,0.21,0.33,0.54,0.10,0.44,Matches
Filip Stojilković,ch SUI,"FW,MF",Darmstadt 98,23,2000,6,0,154,1.7,0,0,0,0,0,0,1,0,0.2,0.2,0.0,0.2,4,3,10,0.00,0.00,0.00,0.00,0.00,0.11,0.00,0.11,0.11,0.11,Matches
Niklas Süle,de GER,DF,Dortmund,27,1995,23,14,"1,514",16.8,1,0,1,1,0,0,0,0,0.4,0.4,0.2,0.6,19,83,9,0.06,0.00,0.06,0.06,0.06,0.03,0.01,0.04,0.03,0.04,Matches
Mattias Svanberg,se SWE,MF,Wolfsburg,24,1999,25,20,"1,715",19.1,1,3,4,1,0,0,8,0,3.0,3.0,2.3,5.3,28,84,52,0.05,0.16,0.21,0.05,0.21,0.15,0.12,0.28,0.15,0.28,Matches
Attila Szalai,hu HUN,DF,Hoffenheim,25,1998,4,4,288,3.2,0,0,0,0,0,0,1,0,0.0,0.0,0.5,0.5,2,13,3,0.00,0.00,0.00,0.00,0.00,0.00,0.16,0.16,0.00,0.16,Matches
Attila Szalai,hu HUN,DF,Freiburg,25,1998,3,0,103,1.1,0,0,0,0,0,0,0,0,0.0,0.0,0.1,0.1,1,5,0,0.00,0.00,0.00,0.00,0.00,0.00,0.11,0.11,0.00,0.11,Matches
Jonathan Tah,de GER,DF,Leverkusen,27,1996,31,30,"2,631",29.2,4,1,5,4,0,0,6,0,2.1,2.1,0.3,2.3,17,133,4,0.14,0.03,0.17,0.14,0.17,0.07,0.01,0.08,0.07,0.08,Matches
Edmond Tapsoba,bf BFA,DF,Leverkusen,24,1999,28,23,"2,087",23.2,0,1,1,0,0,0,4,0,1.0,1.0,1.0,2.0,49,164,12,0.00,0.04,0.04,0.00,0.04,0.04,0.04,0.08,0.04,0.08,Matches
Mathys Tel,fr FRA,"FW,MF",Bayern Munich,18,2005,30,6,"1,050",11.7,7,5,12,7,0,0,2,0,3.7,3.7,2.3,6.0,45,27,122,0.60,0.43,1.03,0.60,1.03,0.32,0.20,0.52,0.32,0.52,Matches
Nathan Tella,ng NGA,"DF,MF",Leverkusen,24,1999,24,8,819,9.1,5,2,7,5,0,0,2,0,3.5,3.5,3.2,6.7,35,28,114,0.55,0.22,0.77,0.55,0.77,0.38,0.35,0.73,0.38,0.73,Matches
Norman Theuerkauf,de GER,"MF,DF",Heidenheim,36,1987,25,14,"1,259",14.0,0,1,1,0,0,0,3,0,0.4,0.4,0.8,1.2,15,46,17,0.00,0.07,0.07,0.00,0.07,0.03,0.06,0.09,0.03,0.09,Matches
Jan Thielmann,de GER,"FW,DF",Köln,21,2002,22,20,"1,579",17.5,1,0,1,1,0,0,4,1,2.3,2.3,1.1,3.3,46,51,69,0.06,0.00,0.06,0.06,0.06,0.13,0.06,0.19,0.13,0.19,Matches
Denis Thomalla,de GER,"MF,FW",Heidenheim,30,1992,21,3,446,5.0,0,0,0,0,0,0,0,0,0.3,0.3,0.4,0.7,3,22,19,0.00,0.00,0.00,0.00,0.00,0.06,0.08,0.13,0.06,0.13,Matches
Phillip Tietz,de GER,FW,Augsburg,26,1997,34,31,"2,382",26.5,8,4,12,8,0,0,1,0,8.2,8.2,2.6,10.8,19,51,115,0.30,0.15,0.45,0.30,0.45,0.31,0.10,0.41,0.31,0.41,Matches
Steffen Tigges,de GER,FW,Köln,25,1998,25,6,727,8.1,3,0,3,3,0,0,0,0,2.6,2.6,1.6,4.1,9,10,48,0.37,0.00,0.37,0.37,0.37,0.32,0.19,0.51,0.32,0.51,Matches
Umut Tohumcu,de GER,MF,Hoffenheim,18,2004,20,12,"1,011",11.2,0,2,2,0,0,0,5,0,0.5,0.5,1.1,1.6,18,46,27,0.00,0.18,0.18,0.00,0.18,0.04,0.10,0.14,0.04,0.14,Matches
Tiago Tomás,pt POR,"FW,MF",Wolfsburg,21,2002,26,11,"1,032",11.5,1,1,2,1,0,0,3,0,2.7,2.7,0.8,3.5,21,17,112,0.09,0.09,0.17,0.09,0.17,0.23,0.07,0.30,0.23,0.30,Matches
Fabio Torsiello,it ITA,"FW,DF",Darmstadt 98,18,2005,10,1,156,1.7,0,0,0,0,0,0,0,0,0.3,0.3,0.0,0.3,2,4,8,0.00,0.00,0.00,0.00,0.00,0.16,0.00,0.16,0.16,0.16,Matches
Lucas Tousart,fr FRA,MF,Union Berlin,26,1997,23,18,"1,572",17.5,0,0,0,0,0,0,5,0,1.5,1.5,0.9,2.4,15,51,33,0.00,0.00,0.00,0.00,0.00,0.09,0.05,0.14,0.09,0.14,Matches
Omar Traoré,de GER,DF,Heidenheim,25,1998,31,29,"2,472",27.5,0,2,2,0,0,0,5,0,0.3,0.3,1.3,1.6,61,78,91,0.00,0.07,0.07,0.00,0.07,0.01,0.05,0.06,0.01,0.06,Matches
Kevin Trapp,de GER,GK,Eint Frankfurt,33,1990,32,32,"2,880",32.0,0,0,0,0,0,0,2,0,0.0,0.0,0.0,0.0,0,1,0,0.00,0.00,0.00,0.00,0.00,0.00,0.00,0.00,0.00,0.00,Matches
Christopher Trimmel,at AUT,DF,Union Berlin,36,1987,26,19,"1,646",18.3,0,2,2,0,0,0,2,1,0.6,0.5,2.1,2.6,23,86,65,0.00,0.11,0.11,0.00,0.11,0.03,0.11,0.14,0.03,0.14,Matches
Tuta,br BRA,DF,Eint Frankfurt,24,1999,30,30,"2,600",28.9,1,2,3,1,0,0,3,2,1.4,1.4,2.1,3.5,22,138,46,0.03,0.07,0.10,0.03,0.10,0.05,0.07,0.12,0.05,0.12,Matches
Lukas Ullrich,de GER,"DF,FW",Gladbach,19,2004,4,0,47,0.5,0,0,0,0,0,0,0,0,0.0,0.0,0.0,0.0,0,0,6,0.00,0.00,0.00,0.00,0.00,0.00,0.00,0.00,0.00,0.00,Matches
Sven Ulreich,de GER,GK,Bayern Munich,34,1988,11,11,990,11.0,0,0,0,0,0,0,1,0,0.0,0.0,0.0,0.0,0,0,0,0.00,0.00,0.00,0.00,0.00,0.00,0.00,0.00,0.00,0.00,Matches
Deniz Undav,de GER,"FW,MF",Stuttgart,27,1996,30,23,"2,089",23.2,18,10,28,18,0,1,5,0,15.0,14.3,6.5,20.8,45,120,182,0.78,0.43,1.21,0.78,1.21,0.65,0.28,0.93,0.61,0.90,Matches
Dayot Upamecano,fr FRA,DF,Bayern Munich,24,1998,25,19,"1,762",19.6,1,0,1,1,0,0,3,1,1.7,1.7,0.5,2.1,28,137,10,0.05,0.00,0.05,0.05,0.05,0.08,0.02,0.11,0.08,0.11,Matches
Mark Uth,de GER,"MF,FW",Köln,31,1991,11,3,373,4.1,0,1,1,0,0,0,2,0,2.0,2.0,1.4,3.4,12,13,29,0.00,0.24,0.24,0.00,0.24,0.49,0.33,0.83,0.49,0.83,Matches
Josha Vagnoman,de GER,DF,Stuttgart,22,2000,18,12,"1,183",13.1,2,2,4,2,0,0,2,0,1.3,1.3,1.3,2.6,19,33,67,0.15,0.15,0.30,0.15,0.30,0.10,0.10,0.20,0.10,0.20,Matches
Ruben Vargas,ch SUI,"MF,FW",Augsburg,24,1998,31,25,"1,962",21.8,4,5,9,4,0,0,3,0,3.9,3.9,2.4,6.3,57,77,145,0.18,0.23,0.41,0.18,0.41,0.18,0.11,0.29,0.18,0.29,Matches
Miloš Veljković,rs SRB,DF,Werder Bremen,27,1995,23,21,"1,920",21.3,2,1,3,2,0,0,2,0,1.7,1.7,0.8,2.5,16,89,13,0.09,0.05,0.14,0.09,0.14,0.08,0.04,0.12,0.08,0.12,Matches
Yorbe Vertessen,be BEL,"FW,MF",Union Berlin,22,2001,13,7,593,6.6,3,2,5,3,0,0,1,0,2.7,2.7,1.3,4.0,10,13,39,0.46,0.30,0.76,0.46,0.76,0.41,0.20,0.61,0.41,0.61,Matches
Oscar Vilhelmsson,se SWE,"FW,MF",Darmstadt 98,19,2003,26,16,"1,374",15.3,4,1,5,4,0,0,2,0,4.1,4.1,0.7,4.7,16,7,72,0.26,0.07,0.33,0.26,0.33,0.27,0.04,0.31,0.27,0.31,Matches
Kevin Vogt,de GER,DF,Hoffenheim,31,1991,16,14,"1,319",14.7,0,0,0,0,0,0,2,0,0.7,0.7,0.1,0.8,16,84,12,0.00,0.00,0.00,0.00,0.00,0.05,0.01,0.05,0.05,0.05,Matches
Kevin Vogt,de GER,DF,Union Berlin,31,1991,16,16,"1,323",14.7,0,0,0,0,0,0,5,0,0.0,0.0,0.0,0.1,1,41,1,0.00,0.00,0.00,0.00,0.00,0.00,0.00,0.00,0.00,0.00,Matches
Kevin Volland,de GER,"FW,MF",Union Berlin,31,1992,26,17,"1,345",14.9,3,4,7,1,2,3,3,2,5.3,2.9,2.6,5.6,14,48,96,0.20,0.27,0.47,0.07,0.33,0.36,0.18,0.53,0.20,0.37,Matches
Aster Vranckx,be BEL,MF,Wolfsburg,20,2002,24,12,"1,153",12.8,0,0,0,0,0,0,6,0,0.1,0.1,0.3,0.4,3,48,9,0.00,0.00,0.00,0.00,0.00,0.01,0.02,0.03,0.01,0.03,Matches
Luca Waldschmidt,de GER,"MF,FW",Köln,27,1996,22,14,"1,146",12.7,3,0,3,3,0,1,0,0,2.9,2.1,1.2,3.3,30,46,61,0.24,0.00,0.24,0.24,0.24,0.23,0.09,0.32,0.17,0.26,Matches
Kjell-Arik Wätjen,de GER,"MF,FW",Dortmund,17,2006,2,1,105,1.2,0,1,1,0,0,0,0,0,0.0,0.0,1.2,1.2,3,8,1,0.00,0.86,0.86,0.00,0.86,0.00,1.02,1.02,0.00,1.02,Matches
Wout Weghorst,nl NED,FW,Hoffenheim,30,1992,28,24,"1,977",22.0,7,3,10,6,1,1,4,0,7.2,6.4,3.5,9.9,14,57,132,0.32,0.14,0.46,0.27,0.41,0.33,0.16,0.49,0.29,0.45,Matches
Julian Weigl,de GER,MF,Gladbach,27,1995,31,31,"2,764",30.7,2,3,5,0,2,2,10,0,2.4,0.9,2.1,2.9,14,105,14,0.07,0.10,0.16,0.00,0.10,0.08,0.07,0.15,0.03,0.09,Matches
Nelson Weiper,de GER,"FW,MF",Mainz 05,18,2005,5,1,124,1.4,0,0,0,0,0,0,0,0,0.5,0.5,0.2,0.6,6,2,20,0.00,0.00,0.00,0.00,0.00,0.35,0.11,0.46,0.35,0.46,Matches
Mitchell Weiser,de GER,"DF,MF",Werder Bremen,29,1994,30,30,"2,636",29.3,3,7,10,3,0,0,5,0,3.8,3.8,4.2,7.9,81,111,189,0.10,0.24,0.34,0.10,0.34,0.13,0.14,0.27,0.13,0.27,Matches
Noah Weißhaupt,de GER,"DF,FW",Freiburg,21,2001,24,6,759,8.4,1,2,3,1,0,0,1,0,0.4,0.4,1.3,1.7,41,26,84,0.12,0.24,0.36,0.12,0.36,0.05,0.16,0.21,0.05,0.21,Matches
Timo Werner,de GER,"FW,MF",RB Leipzig,27,1996,8,2,207,2.3,2,0,2,1,1,1,0,0,2.4,1.6,0.0,1.6,10,6,32,0.87,0.00,0.87,0.43,0.43,1.02,0.02,1.04,0.68,0.70,Matches
Silvan Widmer,ch SUI,DF,Mainz 05,30,1993,20,13,"1,242",13.8,1,3,4,1,0,0,4,0,1.4,1.4,3.5,4.8,31,54,63,0.07,0.22,0.29,0.07,0.29,0.10,0.25,0.35,0.10,0.35,Matches
Patrick Wimmer,at AUT,"FW,MF",Wolfsburg,22,2001,14,8,589,6.5,2,0,2,2,0,0,3,1,1.4,1.4,0.1,1.5,8,15,44,0.31,0.00,0.31,0.31,0.31,0.22,0.02,0.24,0.22,0.24,Matches
Jonas Wind,dk DEN,FW,Wolfsburg,24,1999,34,31,"2,651",29.5,11,7,18,11,0,1,3,0,9.4,8.5,5.1,13.6,17,88,115,0.37,0.24,0.61,0.37,0.61,0.32,0.17,0.49,0.29,0.46,Matches
Florian Wirtz,de GER,MF,Leverkusen,20,2003,32,26,"2,372",26.4,11,11,22,10,1,1,3,0,8.9,8.2,7.5,15.7,138,224,306,0.42,0.42,0.83,0.38,0.80,0.34,0.29,0.62,0.31,0.60,Matches
Maximilian Wittek,de GER,"DF,FW",Bochum,27,1995,21,13,"1,070",11.9,3,1,4,3,0,0,4,0,1.3,1.3,1.4,2.6,17,49,64,0.25,0.08,0.34,0.25,0.34,0.11,0.11,0.22,0.11,0.22,Matches
Maximilian Wöber,at AUT,DF,Gladbach,25,1998,25,24,"2,066",23.0,2,3,5,2,0,0,4,1,1.3,1.3,1.6,2.9,32,128,23,0.09,0.13,0.22,0.09,0.22,0.06,0.07,0.13,0.06,0.13,Matches
Marius Wolf,de GER,DF,Dortmund,28,1995,22,12,"1,166",13.0,0,1,1,0,0,0,2,0,0.6,0.6,1.6,2.2,36,59,79,0.00,0.08,0.08,0.00,0.08,0.04,0.13,0.17,0.04,0.17,Matches
Nick Woltemade,de GER,"FW,MF",Werder Bremen,21,2002,30,12,"1,189",13.2,2,0,2,2,0,0,1,0,2.4,2.4,1.7,4.1,21,43,80,0.15,0.00,0.15,0.15,0.15,0.18,0.13,0.31,0.18,0.31,Matches
Jeong Woo-yeong,kr KOR,"MF,FW",Stuttgart,23,1999,26,5,633,7.0,2,3,5,2,0,0,1,0,1.8,1.8,1.6,3.4,23,22,54,0.28,0.43,0.71,0.28,0.71,0.25,0.22,0.48,0.25,0.48,Matches
Granit Xhaka,ch SUI,MF,Leverkusen,30,1992,33,32,"2,821",31.3,3,0,3,3,0,0,5,0,1.8,1.8,2.7,4.5,60,392,53,0.10,0.00,0.10,0.10,0.10,0.06,0.09,0.15,0.06,0.15,Matches
Dan-Axel Zagadou,fr FRA,DF,Stuttgart,24,1999,19,16,"1,453",16.1,1,0,1,1,0,0,1,0,1.0,1.0,0.3,1.3,2,75,3,0.06,0.00,0.06,0.06,0.06,0.06,0.02,0.08,0.06,0.08,Matches
Bryan Zaragoza,es ESP,"FW,MF",Bayern Munich,22,2001,7,1,183,2.0,0,0,0,0,0,0,1,0,0.5,0.5,0.2,0.7,14,9,28,0.00,0.00,0.00,0.00,0.00,0.23,0.11,0.34,0.23,0.34,Matches
Robin Zentner,de GER,GK,Mainz 05,28,1994,30,30,"2,700",30.0,0,0,0,0,0,0,3,0,0.0,0.0,0.0,0.0,0,1,0,0.00,0.00,0.00,0.00,0.00,0.00,0.00,0.00,0.00,0.00,Matches
Cedric Zesiger,ch SUI,DF,Wolfsburg,25,1998,23,18,"1,634",18.2,0,0,0,0,0,0,5,0,1.3,1.3,0.0,1.4,14,81,3,0.00,0.00,0.00,0.00,0.00,0.07,0.00,0.08,0.07,0.08,Matches
Michael Zetterer,de GER,GK,Werder Bremen,28,1995,27,27,"2,430",27.0,0,0,0,0,0,0,2,0,0.1,0.1,0.2,0.3,0,3,0,0.00,0.00,0.00,0.00,0.00,0.00,0.01,0.01,0.00,0.01,Matches
Christoph Zimmermann,de GER,DF,Darmstadt 98,30,1993,19,12,"1,220",13.6,0,0,0,0,0,0,5,0,0.3,0.3,0.1,0.4,7,34,1,0.00,0.00,0.00,0.00,0.00,0.02,0.00,0.03,0.02,0.03,Matches
Simon Zoller,de GER,"FW,MF",Bochum,32,1991,1,0,45,0.5,0,0,0,0,0,0,0,0,0.0,0.0,0.0,0.0,0,0,0,0.00,0.00,0.00,0.00,0.00,0.00,0.00,0.00,0.00,0.00,Matches
Lovro Zvonarek,hr CRO,"FW,MF",Bayern Munich,18,2005,5,1,163,1.8,1,0,1,1,0,0,0,0,0.1,0.1,0.2,0.3,7,7,9,0.55,0.00,0.55,0.55,0.55,0.04,0.12,0.15,0.04,0.15,Matches
